{"level":"debug","datetime":"2026-02-20T06:17:33.137Z","message":"HSM raw data","data":[{"stat":"Ok","type":"cn","msg":"successful","stCode":200}],"functionName":"conversion"}
{"level":"debug","datetime":"2026-02-20T06:17:33.292Z","message":"HSM raw data","data":[{"stat":"Ok","type":"lit","msg":"successful","stCode":200}],"functionName":"conversion"}
{"level":"debug","datetime":"2026-02-20T06:17:33.292Z","message":"HSM raw data","data":[{"stat":"Ok","type":"cr","msg":"successful","stCode":200}],"functionName":"conversion"}
{"level":"debug","datetime":"2026-02-20T06:17:33.292Z","message":"HSM raw data","data":[{"stat":"Ok","type":"sub","msg":"successful","stCode":200}],"functionName":"conversion"}
{"level":"debug","datetime":"2026-02-20T06:17:33.292Z","message":"HSM raw data","data":[{"stat":"Ok","type":"cp","msg":"successful","stCode":200}],"functionName":"conversion"}
{"level":"debug","datetime":"2026-02-20T06:17:33.979Z","message":"HSM raw data","data":[{"iv":25609.1,"ic":25454.35,"tvalue":1771568253,"highPrice":25620.7,"lowPrice":25379.75,"openingPrice":25406.55,"cng":154.75,"nc":0.61,"ts":"Nifty 50","name":"if","tk":"Nifty 50","e":"nse_cm"}],"functionName":"conversion"}
{"level":"debug","datetime":"2026-02-20T06:17:34.645Z","message":"HSM raw data","data":[{"iv":25609.7,"cng":155.35,"nc":0.61,"name":"if","tk":"Nifty 50","e":"nse_cm"}],"functionName":"conversion"}
{"level":"debug","datetime":"2026-02-20T06:17:35.078Z","message":"HSM raw data","data":[{"iv":25610.1,"tvalue":1771568254,"cng":155.75,"nc":0.61,"name":"if","tk":"Nifty 50","e":"nse_cm"}],"functionName":"conversion"}
{"level":"debug","datetime":"2026-02-20T06:17:35.513Z","message":"HSM raw data","data":[{"iv":25609.55,"cng":155.2,"nc":0.61,"name":"if","tk":"Nifty 50","e":"nse_cm"}],"functionName":"conversion"}
{"level":"debug","datetime":"2026-02-20T06:17:36.004Z","message":"HSM raw data","data":[{"iv":25610.5,"tvalue":1771568255,"cng":156.15,"nc":0.61,"name":"if","tk":"Nifty 50","e":"nse_cm"}],"functionName":"conversion"}
{"level":"debug","datetime":"2026-02-20T06:17:36.854Z","message":"HSM raw data","data":[{"iv":25610.35,"cng":156,"nc":0.61,"name":"if","tk":"Nifty 50","e":"nse_cm"}],"functionName":"conversion"}
{"level":"debug","datetime":"2026-02-20T06:17:37.059Z","message":"HSM raw data","data":[{"iv":25610.5,"tvalue":1771568256,"cng":156.15,"nc":0.61,"name":"if","tk":"Nifty 50","e":"nse_cm"}],"functionName":"conversion"}
{"level":"debug","datetime":"2026-02-20T06:17:37.573Z","message":"HSM raw data","data":[{"iv":25610.35,"cng":156,"nc":0.61,"name":"if","tk":"Nifty 50","e":"nse_cm"}],"functionName":"conversion"}
{"level":"debug","datetime":"2026-02-20T06:17:38.187Z","message":"HSM raw data","data":[{"iv":25609.75,"tvalue":1771568257,"cng":155.4,"nc":0.61,"name":"if","tk":"Nifty 50","e":"nse_cm"}],"functionName":"conversion"}
{"level":"debug","datetime":"2026-02-20T06:17:39.005Z","message":"HSM raw data","data":[{"iv":25610.2,"tvalue":1771568258,"cng":155.85,"nc":0.61,"name":"if","tk":"Nifty 50","e":"nse_cm"}],"functionName":"conversion"}
{"level":"debug","datetime":"2026-02-20T06:17:39.537Z","message":"HSM raw data","data":[{"iv":25609.5,"cng":155.15,"nc":0.61,"name":"if","tk":"Nifty 50","e":"nse_cm"}],"functionName":"conversion"}
{"level":"debug","datetime":"2026-02-20T06:17:39.850Z","message":"HSM raw data","data":[{"iv":25610.9,"tvalue":1771568259,"cng":156.55,"nc":0.62,"name":"if","tk":"Nifty 50","e":"nse_cm"}],"functionName":"conversion"}
{"level":"debug","datetime":"2026-02-20T06:17:40.641Z","message":"HSM raw data","data":[{"iv":25610.75,"cng":156.4,"nc":0.61,"name":"if","tk":"Nifty 50","e":"nse_cm"}],"functionName":"conversion"}
{"level":"debug","datetime":"2026-02-20T06:17:41.072Z","message":"HSM raw data","data":[{"iv":25610.05,"tvalue":1771568260,"cng":155.7,"nc":0.61,"name":"if","tk":"Nifty 50","e":"nse_cm"}],"functionName":"conversion"}
{"level":"debug","datetime":"2026-02-20T06:17:41.669Z","message":"HSM raw data","data":[{"iv":25610.1,"cng":155.75,"nc":0.61,"name":"if","tk":"Nifty 50","e":"nse_cm"}],"functionName":"conversion"}
{"level":"debug","datetime":"2026-02-20T06:17:41.974Z","message":"HSM raw data","data":[{"iv":25609.9,"tvalue":1771568261,"cng":155.55,"nc":0.61,"name":"if","tk":"Nifty 50","e":"nse_cm"}],"functionName":"conversion"}
{"level":"debug","datetime":"2026-02-20T06:17:42.895Z","message":"HSM raw data","data":[{"iv":25608.75,"cng":154.4,"nc":0.61,"name":"if","tk":"Nifty 50","e":"nse_cm"}],"functionName":"conversion"}
{"level":"debug","datetime":"2026-02-20T06:17:43.059Z","message":"HSM raw data","data":[{"iv":25609.85,"tvalue":1771568262,"cng":155.5,"nc":0.61,"name":"if","tk":"Nifty 50","e":"nse_cm"}],"functionName":"conversion"}
{"level":"debug","datetime":"2026-02-20T06:17:43.491Z","message":"HSM raw data","data":[{"iv":25609.45,"cng":155.1,"nc":0.61,"name":"if","tk":"Nifty 50","e":"nse_cm"}],"functionName":"conversion"}
{"level":"debug","datetime":"2026-02-20T06:17:44.329Z","message":"HSM raw data","data":[{"iv":25609.9,"tvalue":1771568263,"cng":155.55,"nc":0.61,"name":"if","tk":"Nifty 50","e":"nse_cm"}],"functionName":"conversion"}
{"level":"debug","datetime":"2026-02-20T06:17:45.021Z","message":"HSM raw data","data":[{"iv":25610.6,"tvalue":1771568264,"cng":156.25,"nc":0.61,"name":"if","tk":"Nifty 50","e":"nse_cm"}],"functionName":"conversion"}
{"level":"debug","datetime":"2026-02-20T06:17:45.453Z","message":"HSM raw data","data":[{"iv":25610.5,"cng":156.15,"nc":0.61,"name":"if","tk":"Nifty 50","e":"nse_cm"}],"functionName":"conversion"}
{"level":"debug","datetime":"2026-02-20T06:17:45.997Z","message":"HSM raw data","data":[{"iv":25610.35,"tvalue":1771568265,"cng":156,"nc":0.61,"name":"if","tk":"Nifty 50","e":"nse_cm"}],"functionName":"conversion"}
{"level":"debug","datetime":"2026-02-20T06:17:46.789Z","message":"HSM raw data","data":[{"iv":25610.65,"cng":156.3,"nc":0.61,"name":"if","tk":"Nifty 50","e":"nse_cm"}],"functionName":"conversion"}
{"level":"debug","datetime":"2026-02-20T06:17:47.197Z","message":"HSM raw data","data":[{"iv":25610.7,"tvalue":1771568266,"cng":156.35,"nc":0.61,"name":"if","tk":"Nifty 50","e":"nse_cm"}],"functionName":"conversion"}
{"level":"debug","datetime":"2026-02-20T06:17:47.643Z","message":"HSM raw data","data":[{"iv":25610.15,"cng":155.8,"nc":0.61,"name":"if","tk":"Nifty 50","e":"nse_cm"}],"functionName":"conversion"}
{"level":"debug","datetime":"2026-02-20T06:17:48.119Z","message":"HSM raw data","data":[{"iv":25609.85,"tvalue":1771568267,"cng":155.5,"nc":0.61,"name":"if","tk":"Nifty 50","e":"nse_cm"}],"functionName":"conversion"}
{"level":"debug","datetime":"2026-02-20T06:17:48.837Z","message":"HSM raw data","data":[{"iv":25609.95,"cng":155.6,"nc":0.61,"name":"if","tk":"Nifty 50","e":"nse_cm"}],"functionName":"conversion"}
{"level":"debug","datetime":"2026-02-20T06:17:49.142Z","message":"HSM raw data","data":[{"iv":25610.35,"tvalue":1771568268,"cng":156,"nc":0.61,"name":"if","tk":"Nifty 50","e":"nse_cm"}],"functionName":"conversion"}
{"level":"debug","datetime":"2026-02-20T06:17:49.551Z","message":"HSM raw data","data":[{"iv":25610.4,"cng":156.05,"nc":0.61,"name":"if","tk":"Nifty 50","e":"nse_cm"}],"functionName":"conversion"}
{"level":"debug","datetime":"2026-02-20T06:17:50.416Z","message":"HSM raw data","data":[{"iv":25609.95,"tvalue":1771568269,"cng":155.6,"nc":0.61,"name":"if","tk":"Nifty 50","e":"nse_cm"}],"functionName":"conversion"}
{"level":"debug","datetime":"2026-02-20T06:17:51.091Z","message":"HSM raw data","data":[{"iv":25610.95,"tvalue":1771568270,"cng":156.6,"nc":0.62,"name":"if","tk":"Nifty 50","e":"nse_cm"}],"functionName":"conversion"}
{"level":"debug","datetime":"2026-02-20T06:17:51.521Z","message":"HSM raw data","data":[{"iv":25609.6,"cng":155.25,"nc":0.61,"name":"if","tk":"Nifty 50","e":"nse_cm"}],"functionName":"conversion"}
{"level":"debug","datetime":"2026-02-20T06:17:52.010Z","message":"HSM raw data","data":[{"iv":25609.85,"tvalue":1771568271,"cng":155.5,"nc":0.61,"name":"if","tk":"Nifty 50","e":"nse_cm"}],"functionName":"conversion"}
{"level":"debug","datetime":"2026-02-20T06:17:52.497Z","message":"HSM raw data","data":[{"iv":25608.35,"cng":154,"nc":0.61,"name":"if","tk":"Nifty 50","e":"nse_cm"}],"functionName":"conversion"}
{"level":"debug","datetime":"2026-02-20T06:17:53.065Z","message":"HSM raw data","data":[{"iv":25608.9,"tvalue":1771568272,"cng":154.55,"nc":0.61,"name":"if","tk":"Nifty 50","e":"nse_cm"}],"functionName":"conversion"}
{"level":"debug","datetime":"2026-02-20T06:17:53.690Z","message":"HSM raw data","data":[{"iv":25609.5,"cng":155.15,"nc":0.61,"name":"if","tk":"Nifty 50","e":"nse_cm"}],"functionName":"conversion"}
{"level":"debug","datetime":"2026-02-20T06:17:54.058Z","message":"HSM raw data","data":[{"iv":25609.45,"tvalue":1771568273,"cng":155.1,"nc":0.61,"name":"if","tk":"Nifty 50","e":"nse_cm"}],"functionName":"conversion"}
{"level":"debug","datetime":"2026-02-20T06:17:54.982Z","message":"HSM raw data","data":[{"iv":25609.9,"tvalue":1771568274,"cng":155.55,"nc":0.61,"name":"if","tk":"Nifty 50","e":"nse_cm"}],"functionName":"conversion"}
{"level":"debug","datetime":"2026-02-20T06:17:55.647Z","message":"HSM raw data","data":[{"iv":25610.05,"cng":155.7,"nc":0.61,"name":"if","tk":"Nifty 50","e":"nse_cm"}],"functionName":"conversion"}
{"level":"debug","datetime":"2026-02-20T06:17:56.086Z","message":"HSM raw data","data":[{"iv":25609.95,"tvalue":1771568275,"cng":155.6,"nc":0.61,"name":"if","tk":"Nifty 50","e":"nse_cm"}],"functionName":"conversion"}
{"level":"debug","datetime":"2026-02-20T06:17:56.519Z","message":"HSM raw data","data":[{"iv":25609.35,"cng":155,"nc":0.61,"name":"if","tk":"Nifty 50","e":"nse_cm"}],"functionName":"conversion"}
{"level":"debug","datetime":"2026-02-20T06:17:57.243Z","message":"HSM raw data","data":[{"iv":25608.95,"tvalue":1771568276,"cng":154.6,"nc":0.61,"name":"if","tk":"Nifty 50","e":"nse_cm"}],"functionName":"conversion"}
{"level":"debug","datetime":"2026-02-20T06:17:57.643Z","message":"HSM raw data","data":[{"iv":25609,"cng":154.65,"nc":0.61,"name":"if","tk":"Nifty 50","e":"nse_cm"}],"functionName":"conversion"}
{"level":"debug","datetime":"2026-02-20T06:17:58.203Z","message":"HSM raw data","data":[{"iv":25609.05,"tvalue":1771568277,"cng":154.7,"nc":0.61,"name":"if","tk":"Nifty 50","e":"nse_cm"}],"functionName":"conversion"}
{"level":"debug","datetime":"2026-02-20T06:17:58.508Z","message":"HSM raw data","data":[{"iv":25609.35,"cng":155,"nc":0.61,"name":"if","tk":"Nifty 50","e":"nse_cm"}],"functionName":"conversion"}
{"level":"debug","datetime":"2026-02-20T06:17:59.177Z","message":"HSM raw data","data":[{"iv":25608.15,"tvalue":1771568278,"cng":153.8,"nc":0.6,"name":"if","tk":"Nifty 50","e":"nse_cm"}],"functionName":"conversion"}
{"level":"debug","datetime":"2026-02-20T06:17:59.692Z","message":"HSM raw data","data":[{"iv":25607.7,"cng":153.35,"nc":0.6,"name":"if","tk":"Nifty 50","e":"nse_cm"}],"functionName":"conversion"}
{"level":"debug","datetime":"2026-02-20T06:18:00.036Z","message":"HSM raw data","data":[{"iv":25608.25,"tvalue":1771568279,"cng":153.9,"nc":0.6,"name":"if","tk":"Nifty 50","e":"nse_cm"}],"functionName":"conversion"}
{"level":"debug","datetime":"2026-02-20T06:18:00.709Z","message":"HSM raw data","data":[{"iv":25607.15,"tvalue":1771568280,"cng":152.8,"nc":0.6,"name":"if","tk":"Nifty 50","e":"nse_cm"}],"functionName":"conversion"}
{"level":"debug","datetime":"2026-02-20T06:18:01.598Z","message":"HSM raw data","data":[{"iv":25608.3,"cng":153.95,"nc":0.6,"name":"if","tk":"Nifty 50","e":"nse_cm"}],"functionName":"conversion"}
{"level":"debug","datetime":"2026-02-20T06:18:02.066Z","message":"HSM raw data","data":[{"iv":25609.2,"tvalue":1771568281,"cng":154.85,"nc":0.61,"name":"if","tk":"Nifty 50","e":"nse_cm"}],"functionName":"conversion"}
{"level":"debug","datetime":"2026-02-20T06:18:02.472Z","message":"HSM raw data","data":[{"iv":25607.05,"cng":152.7,"nc":0.6,"name":"if","tk":"Nifty 50","e":"nse_cm"}],"functionName":"conversion"}
{"level":"debug","datetime":"2026-02-20T06:18:03.148Z","message":"HSM raw data","data":[{"iv":25606.85,"tvalue":1771568282,"cng":152.5,"nc":0.6,"name":"if","tk":"Nifty 50","e":"nse_cm"}],"functionName":"conversion"}
{"level":"debug","datetime":"2026-02-20T06:18:03.683Z","message":"HSM raw data","data":[{"iv":25606.7,"cng":152.35,"nc":0.6,"name":"if","tk":"Nifty 50","e":"nse_cm"}],"functionName":"conversion"}
{"level":"debug","datetime":"2026-02-20T06:18:04.163Z","message":"HSM raw data","data":[{"iv":25607,"tvalue":1771568283,"cng":152.65,"nc":0.6,"name":"if","tk":"Nifty 50","e":"nse_cm"}],"functionName":"conversion"}
{"level":"debug","datetime":"2026-02-20T06:18:04.503Z","message":"HSM raw data","data":[{"iv":25606.75,"cng":152.4,"nc":0.6,"name":"if","tk":"Nifty 50","e":"nse_cm"}],"functionName":"conversion"}
{"level":"debug","datetime":"2026-02-20T06:18:05.272Z","message":"HSM raw data","data":[{"iv":25606.8,"tvalue":1771568284,"cng":152.45,"nc":0.6,"name":"if","tk":"Nifty 50","e":"nse_cm"}],"functionName":"conversion"}
{"level":"debug","datetime":"2026-02-20T06:18:05.732Z","message":"HSM raw data","data":[{"iv":25606.55,"cng":152.2,"nc":0.6,"name":"if","tk":"Nifty 50","e":"nse_cm"}],"functionName":"conversion"}
{"level":"debug","datetime":"2026-02-20T06:18:06.244Z","message":"HSM raw data","data":[{"iv":25607.2,"tvalue":1771568285,"cng":152.85,"nc":0.6,"name":"if","tk":"Nifty 50","e":"nse_cm"}],"functionName":"conversion"}
{"level":"debug","datetime":"2026-02-20T06:18:06.858Z","message":"HSM raw data","data":[{"iv":25609,"tvalue":1771568286,"cng":154.65,"nc":0.61,"name":"if","tk":"Nifty 50","e":"nse_cm"}],"functionName":"conversion"}
{"level":"debug","datetime":"2026-02-20T06:18:07.696Z","message":"HSM raw data","data":[{"iv":25608.85,"cng":154.5,"nc":0.61,"name":"if","tk":"Nifty 50","e":"nse_cm"}],"functionName":"conversion"}
{"level":"debug","datetime":"2026-02-20T06:18:08.135Z","message":"HSM raw data","data":[{"iv":25608.05,"tvalue":1771568287,"cng":153.7,"nc":0.6,"name":"if","tk":"Nifty 50","e":"nse_cm"}],"functionName":"conversion"}
{"level":"debug","datetime":"2026-02-20T06:18:08.604Z","message":"HSM raw data","data":[{"iv":25608.15,"cng":153.8,"nc":0.6,"name":"if","tk":"Nifty 50","e":"nse_cm"}],"functionName":"conversion"}
{"level":"debug","datetime":"2026-02-20T06:18:09.726Z","message":"HSM raw data","data":[{"iv":25607.85,"tvalue":1771568288,"cng":153.5,"nc":0.6,"name":"if","tk":"Nifty 50","e":"nse_cm"}],"functionName":"conversion"}
{"level":"debug","datetime":"2026-02-20T06:18:10.147Z","message":"HSM raw data","data":[{"iv":25608.1,"tvalue":1771568289,"cng":153.75,"nc":0.6,"name":"if","tk":"Nifty 50","e":"nse_cm"}],"functionName":"conversion"}
{"level":"debug","datetime":"2026-02-20T06:18:10.544Z","message":"HSM raw data","data":[{"iv":25608.45,"cng":154.1,"nc":0.61,"name":"if","tk":"Nifty 50","e":"nse_cm"}],"functionName":"conversion"}
{"level":"debug","datetime":"2026-02-20T06:18:11.261Z","message":"HSM raw data","data":[{"iv":25607.15,"tvalue":1771568290,"cng":152.8,"nc":0.6,"name":"if","tk":"Nifty 50","e":"nse_cm"}],"functionName":"conversion"}
{"level":"debug","datetime":"2026-02-20T06:18:11.672Z","message":"HSM raw data","data":[{"iv":25608.5,"cng":154.15,"nc":0.61,"name":"if","tk":"Nifty 50","e":"nse_cm"}],"functionName":"conversion"}
{"level":"debug","datetime":"2026-02-20T06:18:12.792Z","message":"HSM raw data","data":[{"iv":25607.4,"tvalue":1771568292,"cng":153.05,"nc":0.6,"name":"if","tk":"Nifty 50","e":"nse_cm"}],"functionName":"conversion"}
{"level":"debug","datetime":"2026-02-20T06:18:13.823Z","message":"HSM raw data","data":[{"iv":25607.6,"cng":153.25,"nc":0.6,"name":"if","tk":"Nifty 50","e":"nse_cm"}],"functionName":"conversion"}
{"level":"debug","datetime":"2026-02-20T06:18:13.999Z","message":"HSM raw data","data":[{"iv":25607.3,"tvalue":1771568293,"cng":152.95,"nc":0.6,"name":"if","tk":"Nifty 50","e":"nse_cm"}],"functionName":"conversion"}
{"level":"debug","datetime":"2026-02-20T06:18:14.438Z","message":"HSM raw data","data":[{"iv":25607.05,"cng":152.7,"nc":0.6,"name":"if","tk":"Nifty 50","e":"nse_cm"}],"functionName":"conversion"}
{"level":"debug","datetime":"2026-02-20T06:18:15.211Z","message":"HSM raw data","data":[{"iv":25607.25,"tvalue":1771568294,"cng":152.9,"nc":0.6,"name":"if","tk":"Nifty 50","e":"nse_cm"}],"functionName":"conversion"}
{"level":"debug","datetime":"2026-02-20T06:18:15.646Z","message":"HSM raw data","data":[{"iv":25606.7,"cng":152.35,"nc":0.6,"name":"if","tk":"Nifty 50","e":"nse_cm"}],"functionName":"conversion"}
{"level":"debug","datetime":"2026-02-20T06:18:16.081Z","message":"HSM raw data","data":[{"iv":25606.6,"tvalue":1771568295,"cng":152.25,"nc":0.6,"name":"if","tk":"Nifty 50","e":"nse_cm"}],"functionName":"conversion"}
{"level":"debug","datetime":"2026-02-20T06:18:16.513Z","message":"HSM raw data","data":[{"iv":25607.35,"cng":153,"nc":0.6,"name":"if","tk":"Nifty 50","e":"nse_cm"}],"functionName":"conversion"}
{"level":"debug","datetime":"2026-02-20T06:18:17.257Z","message":"HSM raw data","data":[{"iv":25606.3,"tvalue":1771568296,"cng":151.95,"nc":0.6,"name":"if","tk":"Nifty 50","e":"nse_cm"}],"functionName":"conversion"}
{"level":"debug","datetime":"2026-02-20T06:18:17.973Z","message":"HSM raw data","data":[{"iv":25606.35,"tvalue":1771568297,"cng":152,"nc":0.6,"name":"if","tk":"Nifty 50","e":"nse_cm"}],"functionName":"conversion"}
{"level":"debug","datetime":"2026-02-20T06:18:18.411Z","message":"HSM raw data","data":[{"iv":25606.45,"cng":152.1,"nc":0.6,"name":"if","tk":"Nifty 50","e":"nse_cm"}],"functionName":"conversion"}
{"level":"debug","datetime":"2026-02-20T06:18:18.853Z","message":"HSM raw data","data":[{"iv":25606.6,"tvalue":1771568298,"cng":152.25,"nc":0.6,"name":"if","tk":"Nifty 50","e":"nse_cm"}],"functionName":"conversion"}
{"level":"debug","datetime":"2026-02-20T06:18:19.657Z","message":"HSM raw data","data":[{"iv":25607.3,"cng":152.95,"nc":0.6,"name":"if","tk":"Nifty 50","e":"nse_cm"}],"functionName":"conversion"}
{"level":"debug","datetime":"2026-02-20T06:18:20.113Z","message":"HSM raw data","data":[{"iv":25607.65,"tvalue":1771568299,"cng":153.3,"nc":0.6,"name":"if","tk":"Nifty 50","e":"nse_cm"}],"functionName":"conversion"}
{"level":"debug","datetime":"2026-02-20T06:18:20.496Z","message":"HSM raw data","data":[{"iv":25607.75,"cng":153.4,"nc":0.6,"name":"if","tk":"Nifty 50","e":"nse_cm"}],"functionName":"conversion"}
{"level":"debug","datetime":"2026-02-20T06:18:20.992Z","message":"HSM raw data","data":[{"iv":25607.6,"tvalue":1771568300,"cng":153.25,"nc":0.6,"name":"if","tk":"Nifty 50","e":"nse_cm"}],"functionName":"conversion"}
{"level":"debug","datetime":"2026-02-20T06:18:21.614Z","message":"HSM raw data","data":[{"iv":25608.4,"cng":154.05,"nc":0.61,"name":"if","tk":"Nifty 50","e":"nse_cm"}],"functionName":"conversion"}
{"level":"debug","datetime":"2026-02-20T06:18:22.038Z","message":"HSM raw data","data":[{"iv":25607.85,"tvalue":1771568301,"cng":153.5,"nc":0.6,"name":"if","tk":"Nifty 50","e":"nse_cm"}],"functionName":"conversion"}
{"level":"debug","datetime":"2026-02-20T06:18:22.473Z","message":"HSM raw data","data":[{"iv":25607.65,"cng":153.3,"nc":0.6,"name":"if","tk":"Nifty 50","e":"nse_cm"}],"functionName":"conversion"}
{"level":"debug","datetime":"2026-02-20T06:18:23.257Z","message":"HSM raw data","data":[{"iv":25607.35,"tvalue":1771568302,"cng":153,"nc":0.6,"name":"if","tk":"Nifty 50","e":"nse_cm"}],"functionName":"conversion"}
{"level":"debug","datetime":"2026-02-20T06:18:24.019Z","message":"HSM raw data","data":[{"iv":25607.3,"tvalue":1771568303,"cng":152.95,"nc":0.6,"name":"if","tk":"Nifty 50","e":"nse_cm"}],"functionName":"conversion"}
{"level":"debug","datetime":"2026-02-20T06:18:24.675Z","message":"HSM raw data","data":[{"iv":25606.2,"cng":151.85,"nc":0.6,"name":"if","tk":"Nifty 50","e":"nse_cm"}],"functionName":"conversion"}
{"level":"debug","datetime":"2026-02-20T06:18:24.897Z","message":"HSM raw data","data":[{"iv":25605.4,"tvalue":1771568304,"cng":151.05,"nc":0.59,"name":"if","tk":"Nifty 50","e":"nse_cm"}],"functionName":"conversion"}
{"level":"debug","datetime":"2026-02-20T06:18:25.667Z","message":"HSM raw data","data":[{"iv":25604.8,"cng":150.45,"nc":0.59,"name":"if","tk":"Nifty 50","e":"nse_cm"}],"functionName":"conversion"}
{"level":"debug","datetime":"2026-02-20T06:18:26.189Z","message":"HSM raw data","data":[{"iv":25605.05,"tvalue":1771568305,"cng":150.7,"nc":0.59,"name":"if","tk":"Nifty 50","e":"nse_cm"}],"functionName":"conversion"}
{"level":"debug","datetime":"2026-02-20T06:18:26.621Z","message":"HSM raw data","data":[{"iv":25604.55,"cng":150.2,"nc":0.59,"name":"if","tk":"Nifty 50","e":"nse_cm"}],"functionName":"conversion"}
{"level":"debug","datetime":"2026-02-20T06:18:27.030Z","message":"HSM raw data","data":[{"iv":25602.85,"tvalue":1771568306,"cng":148.5,"nc":0.58,"name":"if","tk":"Nifty 50","e":"nse_cm"}],"functionName":"conversion"}
{"level":"debug","datetime":"2026-02-20T06:18:27.748Z","message":"HSM raw data","data":[{"iv":25602.9,"cng":148.55,"nc":0.58,"name":"if","tk":"Nifty 50","e":"nse_cm"}],"functionName":"conversion"}
{"level":"debug","datetime":"2026-02-20T06:18:28.156Z","message":"HSM raw data","data":[{"iv":25601.75,"tvalue":1771568307,"cng":147.4,"nc":0.58,"name":"if","tk":"Nifty 50","e":"nse_cm"}],"functionName":"conversion"}
{"level":"debug","datetime":"2026-02-20T06:18:28.477Z","message":"HSM raw data","data":[{"iv":25602.2,"cng":147.85,"nc":0.58,"name":"if","tk":"Nifty 50","e":"nse_cm"}],"functionName":"conversion"}
{"level":"debug","datetime":"2026-02-20T06:18:29.376Z","message":"HSM raw data","data":[{"iv":25601.6,"tvalue":1771568308,"cng":147.25,"nc":0.58,"name":"if","tk":"Nifty 50","e":"nse_cm"}],"functionName":"conversion"}
{"level":"debug","datetime":"2026-02-20T06:18:30.046Z","message":"HSM raw data","data":[{"iv":25602.25,"tvalue":1771568309,"cng":147.9,"nc":0.58,"name":"if","tk":"Nifty 50","e":"nse_cm"}],"functionName":"conversion"}
{"level":"debug","datetime":"2026-02-20T06:18:30.485Z","message":"HSM raw data","data":[{"iv":25603,"cng":148.65,"nc":0.58,"name":"if","tk":"Nifty 50","e":"nse_cm"}],"functionName":"conversion"}
{"level":"debug","datetime":"2026-02-20T06:18:30.931Z","message":"HSM raw data","data":[{"iv":25602.55,"tvalue":1771568310,"cng":148.2,"nc":0.58,"name":"if","tk":"Nifty 50","e":"nse_cm"}],"functionName":"conversion"}
{"level":"debug","datetime":"2026-02-20T06:18:31.609Z","message":"HSM raw data","data":[{"iv":25602.85,"cng":148.5,"nc":0.58,"name":"if","tk":"Nifty 50","e":"nse_cm"}],"functionName":"conversion"}
{"level":"debug","datetime":"2026-02-20T06:18:32.040Z","message":"HSM raw data","data":[{"iv":25603,"tvalue":1771568311,"cng":148.65,"nc":0.58,"name":"if","tk":"Nifty 50","e":"nse_cm"}],"functionName":"conversion"}
{"level":"debug","datetime":"2026-02-20T06:18:32.477Z","message":"HSM raw data","data":[{"iv":25602.15,"cng":147.8,"nc":0.58,"name":"if","tk":"Nifty 50","e":"nse_cm"}],"functionName":"conversion"}
{"level":"debug","datetime":"2026-02-20T06:18:32.921Z","message":"HSM raw data","data":[{"iv":25600.85,"tvalue":1771568312,"cng":146.5,"nc":0.58,"name":"if","tk":"Nifty 50","e":"nse_cm"}],"functionName":"conversion"}
{"level":"debug","datetime":"2026-02-20T06:18:33.876Z","message":"HSM raw data","data":[{"iv":25600.7,"cng":146.35,"nc":0.57,"name":"if","tk":"Nifty 50","e":"nse_cm"}],"functionName":"conversion"}
{"level":"debug","datetime":"2026-02-20T06:18:34.230Z","message":"HSM raw data","data":[{"iv":25600.6,"tvalue":1771568313,"cng":146.25,"nc":0.57,"name":"if","tk":"Nifty 50","e":"nse_cm"}],"functionName":"conversion"}
{"level":"debug","datetime":"2026-02-20T06:18:34.674Z","message":"HSM raw data","data":[{"iv":25600.3,"cng":145.95,"nc":0.57,"name":"if","tk":"Nifty 50","e":"nse_cm"}],"functionName":"conversion"}
{"level":"debug","datetime":"2026-02-20T06:18:35.515Z","message":"HSM raw data","data":[{"iv":25601.2,"tvalue":1771568314,"cng":146.85,"nc":0.58,"name":"if","tk":"Nifty 50","e":"nse_cm"}],"functionName":"conversion"}
{"level":"debug","datetime":"2026-02-20T06:18:36.245Z","message":"HSM raw data","data":[{"iv":25600.65,"tvalue":1771568315,"cng":146.3,"nc":0.57,"name":"if","tk":"Nifty 50","e":"nse_cm"}],"functionName":"conversion"}
{"level":"debug","datetime":"2026-02-20T06:18:36.656Z","message":"HSM raw data","data":[{"iv":25600.85,"cng":146.5,"nc":0.58,"name":"if","tk":"Nifty 50","e":"nse_cm"}],"functionName":"conversion"}
{"level":"debug","datetime":"2026-02-20T06:18:37.172Z","message":"HSM raw data","data":[{"iv":25600.3,"tvalue":1771568316,"cng":145.95,"nc":0.57,"name":"if","tk":"Nifty 50","e":"nse_cm"}],"functionName":"conversion"}
{"level":"debug","datetime":"2026-02-20T06:18:37.782Z","message":"HSM raw data","data":[{"iv":25599.95,"cng":145.6,"nc":0.57,"name":"if","tk":"Nifty 50","e":"nse_cm"}],"functionName":"conversion"}
{"level":"debug","datetime":"2026-02-20T06:18:38.156Z","message":"HSM raw data","data":[{"iv":25599.75,"tvalue":1771568317,"cng":145.4,"nc":0.57,"name":"if","tk":"Nifty 50","e":"nse_cm"}],"functionName":"conversion"}
{"level":"debug","datetime":"2026-02-20T06:18:38.906Z","message":"HSM raw data","data":[{"iv":25599.1,"cng":144.75,"nc":0.57,"name":"if","tk":"Nifty 50","e":"nse_cm"}],"functionName":"conversion"}
{"level":"debug","datetime":"2026-02-20T06:18:39.033Z","message":"HSM raw data","data":[{"iv":25599.15,"tvalue":1771568318,"cng":144.8,"nc":0.57,"name":"if","tk":"Nifty 50","e":"nse_cm"}],"functionName":"conversion"}
{"level":"debug","datetime":"2026-02-20T06:18:39.729Z","message":"HSM raw data","data":[{"iv":25599.25,"tvalue":1771568319,"cng":144.9,"nc":0.57,"name":"if","tk":"Nifty 50","e":"nse_cm"}],"functionName":"conversion"}
{"level":"debug","datetime":"2026-02-20T06:18:40.602Z","message":"HSM raw data","data":[{"iv":25598.55,"cng":144.2,"nc":0.57,"name":"if","tk":"Nifty 50","e":"nse_cm"}],"functionName":"conversion"}
{"level":"debug","datetime":"2026-02-20T06:18:41.034Z","message":"HSM raw data","data":[{"iv":25598.9,"tvalue":1771568320,"cng":144.55,"nc":0.57,"name":"if","tk":"Nifty 50","e":"nse_cm"}],"functionName":"conversion"}
{"level":"debug","datetime":"2026-02-20T06:18:41.575Z","message":"HSM raw data","data":[{"iv":25598.4,"cng":144.05,"nc":0.57,"name":"if","tk":"Nifty 50","e":"nse_cm"}],"functionName":"conversion"}
{"level":"debug","datetime":"2026-02-20T06:18:42.091Z","message":"HSM raw data","data":[{"iv":25598.2,"tvalue":1771568321,"cng":143.85,"nc":0.57,"name":"if","tk":"Nifty 50","e":"nse_cm"}],"functionName":"conversion"}
{"level":"debug","datetime":"2026-02-20T06:18:42.540Z","message":"HSM raw data","data":[{"iv":25597.45,"cng":143.1,"nc":0.56,"name":"if","tk":"Nifty 50","e":"nse_cm"}],"functionName":"conversion"}
{"level":"debug","datetime":"2026-02-20T06:18:42.971Z","message":"HSM raw data","data":[{"iv":25596.9,"tvalue":1771568322,"cng":142.55,"nc":0.56,"name":"if","tk":"Nifty 50","e":"nse_cm"}],"functionName":"conversion"}
{"level":"debug","datetime":"2026-02-20T06:18:43.516Z","message":"HSM raw data","data":[{"iv":25597.1,"cng":142.75,"nc":0.56,"name":"if","tk":"Nifty 50","e":"nse_cm"}],"functionName":"conversion"}
{"level":"debug","datetime":"2026-02-20T06:18:44.062Z","message":"HSM raw data","data":[{"iv":25597.75,"tvalue":1771568323,"cng":143.4,"nc":0.56,"name":"if","tk":"Nifty 50","e":"nse_cm"}],"functionName":"conversion"}
{"level":"debug","datetime":"2026-02-20T06:18:44.530Z","message":"HSM raw data","data":[{"iv":25597.9,"cng":143.55,"nc":0.56,"name":"if","tk":"Nifty 50","e":"nse_cm"}],"functionName":"conversion"}
{"level":"debug","datetime":"2026-02-20T06:18:44.960Z","message":"HSM raw data","data":[{"iv":25596.95,"tvalue":1771568324,"cng":142.6,"nc":0.56,"name":"if","tk":"Nifty 50","e":"nse_cm"}],"functionName":"conversion"}
{"level":"debug","datetime":"2026-02-20T06:18:45.735Z","message":"HSM raw data","data":[{"iv":25598.4,"tvalue":1771568325,"cng":144.05,"nc":0.57,"name":"if","tk":"Nifty 50","e":"nse_cm"}],"functionName":"conversion"}
{"level":"debug","datetime":"2026-02-20T06:18:46.523Z","message":"HSM raw data","data":[{"iv":25598.35,"cng":144,"nc":0.57,"name":"if","tk":"Nifty 50","e":"nse_cm"}],"functionName":"conversion"}
{"level":"debug","datetime":"2026-02-20T06:18:47.389Z","message":"HSM raw data","data":[{"iv":25598.25,"tvalue":1771568326,"cng":143.9,"nc":0.57,"name":"if","tk":"Nifty 50","e":"nse_cm"}],"functionName":"conversion"}
{"level":"debug","datetime":"2026-02-20T06:18:47.392Z","message":"HSM raw data","data":[{"iv":25598,"cng":143.65,"nc":0.56,"name":"if","tk":"Nifty 50","e":"nse_cm"}],"functionName":"conversion"}
{"level":"debug","datetime":"2026-02-20T06:18:48.141Z","message":"HSM raw data","data":[{"iv":25596.55,"tvalue":1771568327,"cng":142.2,"nc":0.56,"name":"if","tk":"Nifty 50","e":"nse_cm"}],"functionName":"conversion"}
{"level":"debug","datetime":"2026-02-20T06:18:48.550Z","message":"HSM raw data","data":[{"iv":25595.6,"cng":141.25,"nc":0.55,"name":"if","tk":"Nifty 50","e":"nse_cm"}],"functionName":"conversion"}
{"level":"debug","datetime":"2026-02-20T06:18:48.970Z","message":"HSM raw data","data":[{"iv":25595.95,"tvalue":1771568328,"cng":141.6,"nc":0.56,"name":"if","tk":"Nifty 50","e":"nse_cm"}],"functionName":"conversion"}
{"level":"debug","datetime":"2026-02-20T06:18:49.411Z","message":"HSM raw data","data":[{"iv":25595.65,"cng":141.3,"nc":0.56,"name":"if","tk":"Nifty 50","e":"nse_cm"}],"functionName":"conversion"}
{"level":"debug","datetime":"2026-02-20T06:18:50.276Z","message":"HSM raw data","data":[{"iv":25596.1,"tvalue":1771568329,"cng":141.75,"nc":0.56,"name":"if","tk":"Nifty 50","e":"nse_cm"}],"functionName":"conversion"}
{"level":"debug","datetime":"2026-02-20T06:18:50.581Z","message":"HSM raw data","data":[{"iv":25595.95,"cng":141.6,"nc":0.56,"name":"if","tk":"Nifty 50","e":"nse_cm"}],"functionName":"conversion"}
{"level":"debug","datetime":"2026-02-20T06:18:50.989Z","message":"HSM raw data","data":[{"iv":25595.6,"tvalue":1771568330,"cng":141.25,"nc":0.55,"name":"if","tk":"Nifty 50","e":"nse_cm"}],"functionName":"conversion"}
{"level":"debug","datetime":"2026-02-20T06:18:51.716Z","message":"HSM raw data","data":[{"iv":25596.05,"tvalue":1771568331,"cng":141.7,"nc":0.56,"name":"if","tk":"Nifty 50","e":"nse_cm"}],"functionName":"conversion"}
{"level":"debug","datetime":"2026-02-20T06:18:52.615Z","message":"HSM raw data","data":[{"iv":25596.1,"cng":141.75,"nc":0.56,"name":"if","tk":"Nifty 50","e":"nse_cm"}],"functionName":"conversion"}
{"level":"debug","datetime":"2026-02-20T06:18:53.070Z","message":"HSM raw data","data":[{"iv":25595.65,"tvalue":1771568332,"cng":141.3,"nc":0.56,"name":"if","tk":"Nifty 50","e":"nse_cm"}],"functionName":"conversion"}
{"level":"debug","datetime":"2026-02-20T06:18:53.700Z","message":"HSM raw data","data":[{"iv":25594,"cng":139.65,"nc":0.55,"name":"if","tk":"Nifty 50","e":"nse_cm"}],"functionName":"conversion"}
{"level":"debug","datetime":"2026-02-20T06:18:54.268Z","message":"HSM raw data","data":[{"iv":25593.65,"tvalue":1771568333,"cng":139.3,"nc":0.55,"name":"if","tk":"Nifty 50","e":"nse_cm"}],"functionName":"conversion"}
{"level":"debug","datetime":"2026-02-20T06:18:54.780Z","message":"HSM raw data","data":[{"iv":25593.35,"cng":139,"nc":0.55,"name":"if","tk":"Nifty 50","e":"nse_cm"}],"functionName":"conversion"}
{"level":"debug","datetime":"2026-02-20T06:18:55.599Z","message":"HSM raw data","data":[{"iv":25593.5,"tvalue":1771568334,"cng":139.15,"nc":0.55,"name":"if","tk":"Nifty 50","e":"nse_cm"}],"functionName":"conversion"}
{"level":"debug","datetime":"2026-02-20T06:18:56.133Z","message":"HSM raw data","data":[{"iv":25593.35,"tvalue":1771568335,"cng":139,"nc":0.55,"name":"if","tk":"Nifty 50","e":"nse_cm"}],"functionName":"conversion"}
{"level":"debug","datetime":"2026-02-20T06:18:56.623Z","message":"HSM raw data","data":[{"iv":25593.9,"cng":139.55,"nc":0.55,"name":"if","tk":"Nifty 50","e":"nse_cm"}],"functionName":"conversion"}
{"level":"debug","datetime":"2026-02-20T06:18:57.007Z","message":"HSM raw data","data":[{"iv":25592.95,"tvalue":1771568336,"cng":138.6,"nc":0.54,"name":"if","tk":"Nifty 50","e":"nse_cm"}],"functionName":"conversion"}
{"level":"debug","datetime":"2026-02-20T06:18:57.822Z","message":"HSM raw data","data":[{"iv":25592.15,"tvalue":1771568337,"cng":137.8,"nc":0.54,"name":"if","tk":"Nifty 50","e":"nse_cm"}],"functionName":"conversion"}
{"level":"debug","datetime":"2026-02-20T06:18:58.682Z","message":"HSM raw data","data":[{"iv":25591.55,"cng":137.2,"nc":0.54,"name":"if","tk":"Nifty 50","e":"nse_cm"}],"functionName":"conversion"}
{"level":"debug","datetime":"2026-02-20T06:18:59.081Z","message":"HSM raw data","data":[{"iv":25591.9,"tvalue":1771568338,"cng":137.55,"nc":0.54,"name":"if","tk":"Nifty 50","e":"nse_cm"}],"functionName":"conversion"}
{"level":"debug","datetime":"2026-02-20T06:18:59.491Z","message":"HSM raw data","data":[{"iv":25592,"cng":137.65,"nc":0.54,"name":"if","tk":"Nifty 50","e":"nse_cm"}],"functionName":"conversion"}
{"level":"debug","datetime":"2026-02-20T06:19:00.206Z","message":"HSM raw data","data":[{"iv":25592.5,"tvalue":1771568339,"cng":138.15,"nc":0.54,"name":"if","tk":"Nifty 50","e":"nse_cm"}],"functionName":"conversion"}
{"level":"debug","datetime":"2026-02-20T06:19:00.617Z","message":"HSM raw data","data":[{"iv":25592.15,"cng":137.8,"nc":0.54,"name":"if","tk":"Nifty 50","e":"nse_cm"}],"functionName":"conversion"}
{"level":"debug","datetime":"2026-02-20T06:19:01.129Z","message":"HSM raw data","data":[{"iv":25591.95,"tvalue":1771568340,"cng":137.6,"nc":0.54,"name":"if","tk":"Nifty 50","e":"nse_cm"}],"functionName":"conversion"}
{"level":"debug","datetime":"2026-02-20T06:19:01.744Z","message":"HSM raw data","data":[{"iv":25592.8,"cng":138.45,"nc":0.54,"name":"if","tk":"Nifty 50","e":"nse_cm"}],"functionName":"conversion"}
{"level":"debug","datetime":"2026-02-20T06:19:02.358Z","message":"HSM raw data","data":[{"iv":25594,"tvalue":1771568341,"cng":139.65,"nc":0.55,"name":"if","tk":"Nifty 50","e":"nse_cm"}],"functionName":"conversion"}
{"level":"debug","datetime":"2026-02-20T06:19:02.590Z","message":"HSM raw data","data":[{"iv":25591.45,"cng":137.1,"nc":0.54,"name":"if","tk":"Nifty 50","e":"nse_cm"}],"functionName":"conversion"}
{"level":"debug","datetime":"2026-02-20T06:19:03.022Z","message":"HSM raw data","data":[{"iv":25590.75,"tvalue":1771568342,"cng":136.4,"nc":0.54,"name":"if","tk":"Nifty 50","e":"nse_cm"}],"functionName":"conversion"}
{"level":"debug","datetime":"2026-02-20T06:19:03.966Z","message":"HSM raw data","data":[{"iv":25591.35,"tvalue":1771568343,"cng":137,"nc":0.54,"name":"if","tk":"Nifty 50","e":"nse_cm"}],"functionName":"conversion"}
{"level":"debug","datetime":"2026-02-20T06:19:04.713Z","message":"HSM raw data","data":[{"iv":25591.45,"cng":137.1,"nc":0.54,"name":"if","tk":"Nifty 50","e":"nse_cm"}],"functionName":"conversion"}
{"level":"debug","datetime":"2026-02-20T06:19:05.330Z","message":"HSM raw data","data":[{"iv":25590.9,"tvalue":1771568344,"cng":136.55,"nc":0.54,"name":"if","tk":"Nifty 50","e":"nse_cm"}],"functionName":"conversion"}
{"level":"debug","datetime":"2026-02-20T06:19:05.815Z","message":"HSM raw data","data":[{"iv":25590.45,"cng":136.1,"nc":0.53,"name":"if","tk":"Nifty 50","e":"nse_cm"}],"functionName":"conversion"}
{"level":"debug","datetime":"2026-02-20T06:19:06.200Z","message":"HSM raw data","data":[{"iv":25590.35,"tvalue":1771568345,"cng":136,"nc":0.53,"name":"if","tk":"Nifty 50","e":"nse_cm"}],"functionName":"conversion"}
{"level":"debug","datetime":"2026-02-20T06:19:06.721Z","message":"HSM raw data","data":[{"iv":25591.15,"cng":136.8,"nc":0.54,"name":"if","tk":"Nifty 50","e":"nse_cm"}],"functionName":"conversion"}
{"level":"debug","datetime":"2026-02-20T06:19:07.066Z","message":"HSM raw data","data":[{"iv":25591.1,"tvalue":1771568346,"cng":136.75,"nc":0.54,"name":"if","tk":"Nifty 50","e":"nse_cm"}],"functionName":"conversion"}
{"level":"debug","datetime":"2026-02-20T06:19:07.500Z","message":"HSM raw data","data":[{"iv":25590.4,"cng":136.05,"nc":0.53,"name":"if","tk":"Nifty 50","e":"nse_cm"}],"functionName":"conversion"}
{"level":"debug","datetime":"2026-02-20T06:19:08.192Z","message":"HSM raw data","data":[{"iv":25590.2,"tvalue":1771568347,"cng":135.85,"nc":0.53,"name":"if","tk":"Nifty 50","e":"nse_cm"}],"functionName":"conversion"}
{"level":"debug","datetime":"2026-02-20T06:19:09.534Z","message":"HSM raw data","data":[{"iv":25589.75,"tvalue":1771568348,"cng":135.4,"nc":0.53,"name":"if","tk":"Nifty 50","e":"nse_cm"}],"functionName":"conversion"}
{"level":"debug","datetime":"2026-02-20T06:19:09.964Z","message":"HSM raw data","data":[{"iv":25590.05,"tvalue":1771568349,"cng":135.7,"nc":0.53,"name":"if","tk":"Nifty 50","e":"nse_cm"}],"functionName":"conversion"}
{"level":"debug","datetime":"2026-02-20T06:19:10.666Z","message":"HSM raw data","data":[{"iv":25589,"cng":134.65,"nc":0.53,"name":"if","tk":"Nifty 50","e":"nse_cm"}],"functionName":"conversion"}
{"level":"debug","datetime":"2026-02-20T06:19:11.085Z","message":"HSM raw data","data":[{"iv":25589.1,"tvalue":1771568350,"cng":134.75,"nc":0.53,"name":"if","tk":"Nifty 50","e":"nse_cm"}],"functionName":"conversion"}
{"level":"debug","datetime":"2026-02-20T06:19:11.529Z","message":"HSM raw data","data":[{"iv":25590.5,"cng":136.15,"nc":0.53,"name":"if","tk":"Nifty 50","e":"nse_cm"}],"functionName":"conversion"}
{"level":"debug","datetime":"2026-02-20T06:19:11.963Z","message":"HSM raw data","data":[{"iv":25590.4,"tvalue":1771568351,"cng":136.05,"nc":0.53,"name":"if","tk":"Nifty 50","e":"nse_cm"}],"functionName":"conversion"}
{"level":"debug","datetime":"2026-02-20T06:19:12.801Z","message":"HSM raw data","data":[{"iv":25589.45,"cng":135.1,"nc":0.53,"name":"if","tk":"Nifty 50","e":"nse_cm"}],"functionName":"conversion"}
{"level":"debug","datetime":"2026-02-20T06:19:13.077Z","message":"HSM raw data","data":[{"iv":25589.2,"tvalue":1771568352,"cng":134.85,"nc":0.53,"name":"if","tk":"Nifty 50","e":"nse_cm"}],"functionName":"conversion"}
{"level":"debug","datetime":"2026-02-20T06:19:13.520Z","message":"HSM raw data","data":[{"iv":25587.9,"cng":133.55,"nc":0.52,"name":"if","tk":"Nifty 50","e":"nse_cm"}],"functionName":"conversion"}
{"level":"debug","datetime":"2026-02-20T06:19:14.347Z","message":"HSM raw data","data":[{"iv":25588.05,"tvalue":1771568353,"cng":133.7,"nc":0.53,"name":"if","tk":"Nifty 50","e":"nse_cm"}],"functionName":"conversion"}
{"level":"debug","datetime":"2026-02-20T06:19:15.006Z","message":"HSM raw data","data":[{"iv":25589.15,"tvalue":1771568354,"cng":134.8,"nc":0.53,"name":"if","tk":"Nifty 50","e":"nse_cm"}],"functionName":"conversion"}
{"level":"debug","datetime":"2026-02-20T06:19:15.466Z","message":"HSM raw data","data":[{"iv":25589.8,"cng":135.45,"nc":0.53,"name":"if","tk":"Nifty 50","e":"nse_cm"}],"functionName":"conversion"}
{"level":"debug","datetime":"2026-02-20T06:19:15.951Z","message":"HSM raw data","data":[{"iv":25589.9,"tvalue":1771568355,"cng":135.55,"nc":0.53,"name":"if","tk":"Nifty 50","e":"nse_cm"}],"functionName":"conversion"}
{"level":"debug","datetime":"2026-02-20T06:19:16.796Z","message":"HSM raw data","data":[{"iv":25590.5,"cng":136.15,"nc":0.53,"name":"if","tk":"Nifty 50","e":"nse_cm"}],"functionName":"conversion"}
{"level":"debug","datetime":"2026-02-20T06:19:17.147Z","message":"HSM raw data","data":[{"iv":25590.15,"tvalue":1771568356,"cng":135.8,"nc":0.53,"name":"if","tk":"Nifty 50","e":"nse_cm"}],"functionName":"conversion"}
{"level":"debug","datetime":"2026-02-20T06:19:17.570Z","message":"HSM raw data","data":[{"iv":25589.3,"cng":134.95,"nc":0.53,"name":"if","tk":"Nifty 50","e":"nse_cm"}],"functionName":"conversion"}
{"level":"debug","datetime":"2026-02-20T06:19:18.042Z","message":"HSM raw data","data":[{"iv":25589.2,"tvalue":1771568357,"cng":134.85,"nc":0.53,"name":"if","tk":"Nifty 50","e":"nse_cm"}],"functionName":"conversion"}
{"level":"debug","datetime":"2026-02-20T06:19:18.689Z","message":"HSM raw data","data":[{"iv":25589.35,"cng":135,"nc":0.53,"name":"if","tk":"Nifty 50","e":"nse_cm"}],"functionName":"conversion"}
{"level":"debug","datetime":"2026-02-20T06:19:19.146Z","message":"HSM raw data","data":[{"iv":25590.05,"tvalue":1771568358,"cng":135.7,"nc":0.53,"name":"if","tk":"Nifty 50","e":"nse_cm"}],"functionName":"conversion"}
{"level":"debug","datetime":"2026-02-20T06:19:19.561Z","message":"HSM raw data","data":[{"iv":25590.1,"cng":135.75,"nc":0.53,"name":"if","tk":"Nifty 50","e":"nse_cm"}],"functionName":"conversion"}
{"level":"debug","datetime":"2026-02-20T06:19:20.234Z","message":"HSM raw data","data":[{"iv":25590.45,"tvalue":1771568359,"cng":136.1,"nc":0.53,"name":"if","tk":"Nifty 50","e":"nse_cm"}],"functionName":"conversion"}
{"level":"debug","datetime":"2026-02-20T06:19:21.095Z","message":"HSM raw data","data":[{"iv":25589.8,"tvalue":1771568360,"cng":135.45,"nc":0.53,"name":"if","tk":"Nifty 50","e":"nse_cm"}],"functionName":"conversion"}
{"level":"debug","datetime":"2026-02-20T06:19:21.608Z","message":"HSM raw data","data":[{"iv":25589.75,"cng":135.4,"nc":0.53,"name":"if","tk":"Nifty 50","e":"nse_cm"}],"functionName":"conversion"}
{"level":"debug","datetime":"2026-02-20T06:19:21.890Z","message":"HSM raw data","data":[{"iv":25589.85,"tvalue":1771568361,"cng":135.5,"nc":0.53,"name":"if","tk":"Nifty 50","e":"nse_cm"}],"functionName":"conversion"}
{"level":"debug","datetime":"2026-02-20T06:19:22.669Z","message":"HSM raw data","data":[{"iv":25589.4,"cng":135.05,"nc":0.53,"name":"if","tk":"Nifty 50","e":"nse_cm"}],"functionName":"conversion"}
{"level":"debug","datetime":"2026-02-20T06:19:23.118Z","message":"HSM raw data","data":[{"iv":25589.1,"tvalue":1771568362,"cng":134.75,"nc":0.53,"name":"if","tk":"Nifty 50","e":"nse_cm"}],"functionName":"conversion"}
{"level":"debug","datetime":"2026-02-20T06:19:23.546Z","message":"HSM raw data","data":[{"iv":25589.35,"cng":135,"nc":0.53,"name":"if","tk":"Nifty 50","e":"nse_cm"}],"functionName":"conversion"}
{"level":"debug","datetime":"2026-02-20T06:19:23.992Z","message":"HSM raw data","data":[{"iv":25589.45,"tvalue":1771568363,"cng":135.1,"nc":0.53,"name":"if","tk":"Nifty 50","e":"nse_cm"}],"functionName":"conversion"}
{"level":"debug","datetime":"2026-02-20T06:19:24.661Z","message":"HSM raw data","data":[{"iv":25589.75,"cng":135.4,"nc":0.53,"name":"if","tk":"Nifty 50","e":"nse_cm"}],"functionName":"conversion"}
{"level":"debug","datetime":"2026-02-20T06:19:25.152Z","message":"HSM raw data","data":[{"iv":25589.65,"tvalue":1771568364,"cng":135.3,"nc":0.53,"name":"if","tk":"Nifty 50","e":"nse_cm"}],"functionName":"conversion"}
{"level":"debug","datetime":"2026-02-20T06:19:25.552Z","message":"HSM raw data","data":[{"iv":25589.15,"cng":134.8,"nc":0.53,"name":"if","tk":"Nifty 50","e":"nse_cm"}],"functionName":"conversion"}
{"level":"debug","datetime":"2026-02-20T06:19:26.526Z","message":"HSM raw data","data":[{"iv":25588.9,"tvalue":1771568365,"cng":134.55,"nc":0.53,"name":"if","tk":"Nifty 50","e":"nse_cm"}],"functionName":"conversion"}
{"level":"debug","datetime":"2026-02-20T06:19:27.109Z","message":"HSM raw data","data":[{"iv":25588.4,"tvalue":1771568366,"cng":134.05,"nc":0.53,"name":"if","tk":"Nifty 50","e":"nse_cm"}],"functionName":"conversion"}
{"level":"debug","datetime":"2026-02-20T06:19:27.643Z","message":"HSM raw data","data":[{"iv":25588.35,"cng":134,"nc":0.53,"name":"if","tk":"Nifty 50","e":"nse_cm"}],"functionName":"conversion"}
{"level":"debug","datetime":"2026-02-20T06:19:28.004Z","message":"HSM raw data","data":[{"iv":25588.6,"tvalue":1771568367,"cng":134.25,"nc":0.53,"name":"if","tk":"Nifty 50","e":"nse_cm"}],"functionName":"conversion"}
{"level":"debug","datetime":"2026-02-20T06:19:28.776Z","message":"HSM raw data","data":[{"iv":25589.25,"cng":134.9,"nc":0.53,"name":"if","tk":"Nifty 50","e":"nse_cm"}],"functionName":"conversion"}
{"level":"debug","datetime":"2026-02-20T06:19:29.121Z","message":"HSM raw data","data":[{"iv":25589.4,"tvalue":1771568368,"cng":135.05,"nc":0.53,"name":"if","tk":"Nifty 50","e":"nse_cm"}],"functionName":"conversion"}
{"level":"debug","datetime":"2026-02-20T06:19:29.553Z","message":"HSM raw data","data":[{"iv":25588.2,"cng":133.85,"nc":0.53,"name":"if","tk":"Nifty 50","e":"nse_cm"}],"functionName":"conversion"}
{"level":"debug","datetime":"2026-02-20T06:19:29.987Z","message":"HSM raw data","data":[{"iv":25587.25,"tvalue":1771568369,"cng":132.9,"nc":0.52,"name":"if","tk":"Nifty 50","e":"nse_cm"}],"functionName":"conversion"}
{"level":"debug","datetime":"2026-02-20T06:19:30.826Z","message":"HSM raw data","data":[{"iv":25587.1,"tvalue":1771568370,"cng":132.75,"nc":0.52,"name":"if","tk":"Nifty 50","e":"nse_cm"}],"functionName":"conversion"}
{"level":"debug","datetime":"2026-02-20T06:19:31.567Z","message":"HSM raw data","data":[{"iv":25589.05,"cng":134.7,"nc":0.53,"name":"if","tk":"Nifty 50","e":"nse_cm"}],"functionName":"conversion"}
{"level":"debug","datetime":"2026-02-20T06:19:32.053Z","message":"HSM raw data","data":[{"iv":25591.05,"tvalue":1771568371,"cng":136.7,"nc":0.54,"name":"if","tk":"Nifty 50","e":"nse_cm"}],"functionName":"conversion"}
{"level":"debug","datetime":"2026-02-20T06:19:32.464Z","message":"HSM raw data","data":[{"iv":25589.1,"cng":134.75,"nc":0.53,"name":"if","tk":"Nifty 50","e":"nse_cm"}],"functionName":"conversion"}
{"level":"debug","datetime":"2026-02-20T06:19:33.169Z","message":"HSM raw data","data":[{"iv":25589.95,"tvalue":1771568372,"cng":135.6,"nc":0.53,"name":"if","tk":"Nifty 50","e":"nse_cm"}],"functionName":"conversion"}
{"level":"debug","datetime":"2026-02-20T06:19:33.898Z","message":"HSM raw data","data":[{"iv":25591.55,"cng":137.2,"nc":0.54,"name":"if","tk":"Nifty 50","e":"nse_cm"}],"functionName":"conversion"}
{"level":"debug","datetime":"2026-02-20T06:19:34.101Z","message":"HSM raw data","data":[{"iv":25592.15,"tvalue":1771568373,"cng":137.8,"nc":0.54,"name":"if","tk":"Nifty 50","e":"nse_cm"}],"functionName":"conversion"}
{"level":"debug","datetime":"2026-02-20T06:19:35.228Z","message":"HSM raw data","data":[{"iv":25592.3,"tvalue":1771568374,"cng":137.95,"nc":0.54,"name":"if","tk":"Nifty 50","e":"nse_cm"}],"functionName":"conversion"}
{"level":"debug","datetime":"2026-02-20T06:19:35.652Z","message":"HSM raw data","data":[{"iv":25591.85,"cng":137.5,"nc":0.54,"name":"if","tk":"Nifty 50","e":"nse_cm"}],"functionName":"conversion"}
{"level":"debug","datetime":"2026-02-20T06:19:36.970Z","message":"HSM raw data","data":[{"iv":25592.55,"tvalue":1771568376,"cng":138.2,"nc":0.54,"name":"if","tk":"Nifty 50","e":"nse_cm"}],"functionName":"conversion"}
{"level":"debug","datetime":"2026-02-20T06:19:37.564Z","message":"HSM raw data","data":[{"iv":25592.6,"cng":138.25,"nc":0.54,"name":"if","tk":"Nifty 50","e":"nse_cm"}],"functionName":"conversion"}
{"level":"debug","datetime":"2026-02-20T06:19:37.938Z","message":"HSM raw data","data":[{"iv":25592.65,"tvalue":1771568377,"cng":138.3,"nc":0.54,"name":"if","tk":"Nifty 50","e":"nse_cm"}],"functionName":"conversion"}
{"level":"debug","datetime":"2026-02-20T06:19:39.251Z","message":"HSM raw data","data":[{"iv":25592.5,"tvalue":1771568378,"cng":138.15,"nc":0.54,"name":"if","tk":"Nifty 50","e":"nse_cm"}],"functionName":"conversion"}
{"level":"debug","datetime":"2026-02-20T06:19:39.733Z","message":"HSM raw data","data":[{"iv":25592.45,"cng":138.1,"nc":0.54,"name":"if","tk":"Nifty 50","e":"nse_cm"}],"functionName":"conversion"}
{"level":"debug","datetime":"2026-02-20T06:19:40.129Z","message":"HSM raw data","data":[{"iv":25592.5,"tvalue":1771568379,"cng":138.15,"nc":0.54,"name":"if","tk":"Nifty 50","e":"nse_cm"}],"functionName":"conversion"}
{"level":"debug","datetime":"2026-02-20T06:19:40.579Z","message":"HSM raw data","data":[{"iv":25593,"cng":138.65,"nc":0.54,"name":"if","tk":"Nifty 50","e":"nse_cm"}],"functionName":"conversion"}
{"level":"debug","datetime":"2026-02-20T06:19:41.246Z","message":"HSM raw data","data":[{"iv":25592.6,"tvalue":1771568380,"cng":138.25,"nc":0.54,"name":"if","tk":"Nifty 50","e":"nse_cm"}],"functionName":"conversion"}
{"level":"debug","datetime":"2026-02-20T06:19:41.782Z","message":"HSM raw data","data":[{"iv":25593.1,"cng":138.75,"nc":0.55,"name":"if","tk":"Nifty 50","e":"nse_cm"}],"functionName":"conversion"}
{"level":"debug","datetime":"2026-02-20T06:19:42.187Z","message":"HSM raw data","data":[{"iv":25593.55,"tvalue":1771568381,"cng":139.2,"nc":0.55,"name":"if","tk":"Nifty 50","e":"nse_cm"}],"functionName":"conversion"}
{"level":"debug","datetime":"2026-02-20T06:19:42.757Z","message":"HSM raw data","data":[{"iv":25593,"tvalue":1771568382,"cng":138.65,"nc":0.54,"name":"if","tk":"Nifty 50","e":"nse_cm"}],"functionName":"conversion"}
{"level":"debug","datetime":"2026-02-20T06:19:43.548Z","message":"HSM raw data","data":[{"iv":25592.5,"cng":138.15,"nc":0.54,"name":"if","tk":"Nifty 50","e":"nse_cm"}],"functionName":"conversion"}
{"level":"debug","datetime":"2026-02-20T06:19:44.035Z","message":"HSM raw data","data":[{"iv":25592.75,"tvalue":1771568383,"cng":138.4,"nc":0.54,"name":"if","tk":"Nifty 50","e":"nse_cm"}],"functionName":"conversion"}
{"level":"debug","datetime":"2026-02-20T06:19:44.444Z","message":"HSM raw data","data":[{"iv":25592.1,"cng":137.75,"nc":0.54,"name":"if","tk":"Nifty 50","e":"nse_cm"}],"functionName":"conversion"}
{"level":"debug","datetime":"2026-02-20T06:19:45.264Z","message":"HSM raw data","data":[{"iv":25592.75,"tvalue":1771568384,"cng":138.4,"nc":0.54,"name":"if","tk":"Nifty 50","e":"nse_cm"}],"functionName":"conversion"}
{"level":"debug","datetime":"2026-02-20T06:19:51.498Z","message":"HSM raw data","data":[{"stat":"Ok","type":"cn","msg":"successful","stCode":200}],"functionName":"conversion"}
{"level":"debug","datetime":"2026-02-20T06:19:52.189Z","message":"HSM raw data","data":[{"stat":"Ok","type":"lit","msg":"successful","stCode":200}],"functionName":"conversion"}
{"level":"debug","datetime":"2026-02-20T06:19:52.190Z","message":"HSM raw data","data":[{"stat":"Ok","type":"sub","msg":"successful","stCode":200}],"functionName":"conversion"}
{"level":"debug","datetime":"2026-02-20T06:19:52.191Z","message":"HSM raw data","data":[{"stat":"Ok","type":"cr","msg":"successful","stCode":200}],"functionName":"conversion"}
{"level":"debug","datetime":"2026-02-20T06:19:52.191Z","message":"HSM raw data","data":[{"stat":"Ok","type":"cp","msg":"successful","stCode":200}],"functionName":"conversion"}
{"level":"debug","datetime":"2026-02-20T06:19:52.244Z","message":"HSM raw data","data":[{"iv":25591.5,"ic":25454.35,"tvalue":1771568391,"highPrice":25620.7,"lowPrice":25379.75,"openingPrice":25406.55,"cng":137.15,"nc":0.54,"ts":"Nifty 50","name":"if","tk":"Nifty 50","e":"nse_cm"}],"functionName":"conversion"}
{"level":"debug","datetime":"2026-02-20T06:19:52.685Z","message":"HSM raw data","data":[{"iv":25591.35,"cng":137,"nc":0.54,"name":"if","tk":"Nifty 50","e":"nse_cm"}],"functionName":"conversion"}
{"level":"debug","datetime":"2026-02-20T06:19:53.557Z","message":"HSM raw data","data":[{"iv":25591.65,"tvalue":1771568392,"cng":137.3,"nc":0.54,"name":"if","tk":"Nifty 50","e":"nse_cm"}],"functionName":"conversion"}
{"level":"debug","datetime":"2026-02-20T06:19:53.997Z","message":"HSM raw data","data":[{"iv":25592.05,"tvalue":1771568393,"cng":137.7,"nc":0.54,"name":"if","tk":"Nifty 50","e":"nse_cm"}],"functionName":"conversion"}
{"level":"debug","datetime":"2026-02-20T06:19:54.835Z","message":"HSM raw data","data":[{"iv":25592.4,"tvalue":1771568394,"cng":138.05,"nc":0.54,"name":"if","tk":"Nifty 50","e":"nse_cm"}],"functionName":"conversion"}
{"level":"debug","datetime":"2026-02-20T06:19:55.811Z","message":"HSM raw data","data":[{"iv":25592.35,"cng":138,"nc":0.54,"name":"if","tk":"Nifty 50","e":"nse_cm"}],"functionName":"conversion"}
{"level":"debug","datetime":"2026-02-20T06:19:56.113Z","message":"HSM raw data","data":[{"iv":25592.7,"tvalue":1771568395,"cng":138.35,"nc":0.54,"name":"if","tk":"Nifty 50","e":"nse_cm"}],"functionName":"conversion"}
{"level":"debug","datetime":"2026-02-20T06:19:56.629Z","message":"HSM raw data","data":[{"iv":25593.7,"cng":139.35,"nc":0.55,"name":"if","tk":"Nifty 50","e":"nse_cm"}],"functionName":"conversion"}
{"level":"debug","datetime":"2026-02-20T06:19:56.989Z","message":"HSM raw data","data":[{"iv":25592.8,"tvalue":1771568396,"cng":138.45,"nc":0.54,"name":"if","tk":"Nifty 50","e":"nse_cm"}],"functionName":"conversion"}
{"level":"debug","datetime":"2026-02-20T06:19:57.859Z","message":"HSM raw data","data":[{"iv":25592.65,"cng":138.3,"nc":0.54,"name":"if","tk":"Nifty 50","e":"nse_cm"}],"functionName":"conversion"}
{"level":"debug","datetime":"2026-02-20T06:19:58.167Z","message":"HSM raw data","data":[{"iv":25593.1,"tvalue":1771568397,"cng":138.75,"nc":0.55,"name":"if","tk":"Nifty 50","e":"nse_cm"}],"functionName":"conversion"}
{"level":"debug","datetime":"2026-02-20T06:19:58.544Z","message":"HSM raw data","data":[{"iv":25592.55,"cng":138.2,"nc":0.54,"name":"if","tk":"Nifty 50","e":"nse_cm"}],"functionName":"conversion"}
{"level":"debug","datetime":"2026-02-20T06:19:59.422Z","message":"HSM raw data","data":[{"iv":25592.3,"tvalue":1771568398,"cng":137.95,"nc":0.54,"name":"if","tk":"Nifty 50","e":"nse_cm"}],"functionName":"conversion"}
{"level":"debug","datetime":"2026-02-20T06:20:00.113Z","message":"HSM raw data","data":[{"iv":25592.55,"tvalue":1771568399,"cng":138.2,"nc":0.54,"name":"if","tk":"Nifty 50","e":"nse_cm"}],"functionName":"conversion"}
{"level":"debug","datetime":"2026-02-20T06:20:00.622Z","message":"HSM raw data","data":[{"iv":25592.4,"cng":138.05,"nc":0.54,"name":"if","tk":"Nifty 50","e":"nse_cm"}],"functionName":"conversion"}
{"level":"debug","datetime":"2026-02-20T06:20:00.979Z","message":"HSM raw data","data":[{"iv":25592.3,"tvalue":1771568400,"cng":137.95,"nc":0.54,"name":"if","tk":"Nifty 50","e":"nse_cm"}],"functionName":"conversion"}
{"level":"debug","datetime":"2026-02-20T06:20:01.662Z","message":"HSM raw data","data":[{"iv":25593.3,"cng":138.95,"nc":0.55,"name":"if","tk":"Nifty 50","e":"nse_cm"}],"functionName":"conversion"}
{"level":"debug","datetime":"2026-02-20T06:20:01.771Z","message":"getOptionChain response","data":{"code":200,"data":{"callOi":247042055,"expiryData":[{"date":"24-02-2026","expiry":"1771927200"},{"date":"02-03-2026","expiry":"1772445600"},{"date":"10-03-2026","expiry":"1773136800"},{"date":"17-03-2026","expiry":"1773741600"},{"date":"24-03-2026","expiry":"1774346400"},{"date":"30-03-2026","expiry":"1774864800"},{"date":"28-04-2026","expiry":"1777370400"},{"date":"30-06-2026","expiry":"1782813600"},{"date":"29-09-2026","expiry":"1790676000"},{"date":"29-12-2026","expiry":"1798538400"},{"date":"29-06-2027","expiry":"1814263200"},{"date":"28-12-2027","expiry":"1829988000"},{"date":"27-06-2028","expiry":"1845712800"},{"date":"26-12-2028","expiry":"1861437600"},{"date":"26-06-2029","expiry":"1877162400"},{"date":"24-12-2029","expiry":"1892800800"},{"date":"25-06-2030","expiry":"1908612000"},{"date":"31-12-2030","expiry":"1924941600"}],"indiavixData":{"ask":0,"bid":0,"description":"INDIAVIX-INDEX","ex_symbol":"INDIAVIX","exchange":"NSE","fyToken":"101000000026017","ltp":14.36,"ltpch":0.9,"ltpchp":6.69,"option_type":"","strike_price":-1,"symbol":"NSE:INDIAVIX-INDEX"},"optionsChain":[{"ask":0,"bid":0,"description":"NIFTY50-INDEX","ex_symbol":"NIFTY","exchange":"NSE","fp":25612.7,"fpch":166.7,"fpchp":0.66,"fyToken":"101000000026000","ltp":25592.95,"ltpch":138.6,"ltpchp":0.54,"option_type":"","strike_price":-1,"symbol":"NSE:NIFTY50-INDEX"},{"ask":105.55,"bid":105.4,"fyToken":"101126022464855","ltp":105.5,"ltpch":-78.2,"ltpchp":-42.57,"oi":6463015,"oich":5038795,"oichp":353.79,"option_type":"PE","prev_oi":1424220,"strike_price":25550,"symbol":"NSE:NIFTY26FEB25550PE","volume":81420820},{"ask":170.65,"bid":170.45,"fyToken":"101126022464854","ltp":170.7,"ltpch":71.05,"ltpchp":71.3,"oi":4225650,"oich":1453330,"oichp":52.42,"option_type":"CE","prev_oi":2772320,"strike_price":25550,"symbol":"NSE:NIFTY26FEB25550CE","volume":143417430},{"ask":141.25,"bid":141,"fyToken":"101126022464856","ltp":141.25,"ltpch":61.35,"ltpchp":76.78,"oi":13094445,"oich":1695345,"oichp":14.87,"option_type":"CE","prev_oi":11399100,"strike_price":25600,"symbol":"NSE:NIFTY26FEB25600CE","volume":242225295},{"ask":126.15,"bid":125.9,"fyToken":"101126022464857","ltp":126.15,"ltpch":-93.55,"ltpchp":-42.58,"oi":10717720,"oich":6884340,"oichp":179.59,"option_type":"PE","prev_oi":3833380,"strike_price":25600,"symbol":"NSE:NIFTY26FEB25600PE","volume":96387070},{"ask":150.05,"bid":149.8,"fyToken":"101126022464859","ltp":150,"ltpch":-101.3,"ltpchp":-40.31,"oi":2561260,"oich":1618370,"oichp":171.64,"option_type":"PE","prev_oi":942890,"strike_price":25650,"symbol":"NSE:NIFTY26FEB25650PE","volume":22392565},{"ask":115.2,"bid":115,"fyToken":"101126022464858","ltp":115.25,"ltpch":50.05,"ltpchp":76.76,"oi":6600035,"oich":2497495,"oichp":60.88,"option_type":"CE","prev_oi":4102540,"strike_price":25650,"symbol":"NSE:NIFTY26FEB25650CE","volume":118788670}],"putOi":213797350},"message":"","s":"ok"},"functionName":"getOptionChain"}
{"level":"debug","datetime":"2026-02-20T06:20:01.868Z","message":"getOptionChain response","data":{"code":200,"data":{"callOi":247042055,"expiryData":[{"date":"24-02-2026","expiry":"1771927200"},{"date":"02-03-2026","expiry":"1772445600"},{"date":"10-03-2026","expiry":"1773136800"},{"date":"17-03-2026","expiry":"1773741600"},{"date":"24-03-2026","expiry":"1774346400"},{"date":"30-03-2026","expiry":"1774864800"},{"date":"28-04-2026","expiry":"1777370400"},{"date":"30-06-2026","expiry":"1782813600"},{"date":"29-09-2026","expiry":"1790676000"},{"date":"29-12-2026","expiry":"1798538400"},{"date":"29-06-2027","expiry":"1814263200"},{"date":"28-12-2027","expiry":"1829988000"},{"date":"27-06-2028","expiry":"1845712800"},{"date":"26-12-2028","expiry":"1861437600"},{"date":"26-06-2029","expiry":"1877162400"},{"date":"24-12-2029","expiry":"1892800800"},{"date":"25-06-2030","expiry":"1908612000"},{"date":"31-12-2030","expiry":"1924941600"}],"indiavixData":{"ask":0,"bid":0,"description":"INDIAVIX-INDEX","ex_symbol":"INDIAVIX","exchange":"NSE","fyToken":"101000000026017","ltp":14.36,"ltpch":0.9,"ltpchp":6.69,"option_type":"","strike_price":-1,"symbol":"NSE:INDIAVIX-INDEX"},"optionsChain":[{"ask":0,"bid":0,"description":"NIFTY50-INDEX","ex_symbol":"NIFTY","exchange":"NSE","fp":25612.7,"fpch":166.7,"fpchp":0.66,"fyToken":"101000000026000","ltp":25592.95,"ltpch":138.6,"ltpchp":0.54,"option_type":"","strike_price":-1,"symbol":"NSE:NIFTY50-INDEX"},{"ask":3.25,"bid":3.2,"fyToken":"101126022464359","ltp":3.2,"ltpch":-0.15,"ltpchp":-4.48,"oi":7914335,"oich":2967835,"oichp":60,"option_type":"PE","prev_oi":4946500,"strike_price":23100,"symbol":"NSE:NIFTY26FEB23100PE","volume":13980525},{"ask":2577.15,"bid":2453.85,"fyToken":"101126022464358","ltp":2300,"ltpch":0,"ltpchp":0,"oi":390,"oich":0,"oichp":0,"option_type":"CE","prev_oi":390,"strike_price":23100,"symbol":"NSE:NIFTY26FEB23100CE","volume":0},{"ask":3.4,"bid":3.35,"fyToken":"101126022464361","ltp":3.35,"ltpch":-0.05,"ltpchp":-1.47,"oi":1001195,"oich":638040,"oichp":175.69,"option_type":"PE","prev_oi":363155,"strike_price":23150,"symbol":"NSE:NIFTY26FEB23150PE","volume":4180280},{"ask":2503.45,"bid":2441.95,"fyToken":"101126022464360","ltp":2450,"ltpch":-133.4,"ltpchp":-5.16,"oi":2925,"oich":0,"oichp":0,"option_type":"CE","prev_oi":2925,"strike_price":23150,"symbol":"NSE:NIFTY26FEB23150CE","volume":650},{"ask":3.5,"bid":3.45,"fyToken":"101126022464363","ltp":3.5,"ltpch":-0.15,"ltpchp":-4.11,"oi":2366520,"oich":866000,"oichp":57.71,"option_type":"PE","prev_oi":1500520,"strike_price":23200,"symbol":"NSE:NIFTY26FEB23200PE","volume":5829265},{"ask":2464.95,"bid":2351.9,"fyToken":"101126022464362","ltp":2478.15,"ltpch":0,"ltpchp":0,"oi":325,"oich":0,"oichp":0,"option_type":"CE","prev_oi":325,"strike_price":23200,"symbol":"NSE:NIFTY26FEB23200CE","volume":0},{"ask":3.75,"bid":3.7,"fyToken":"101126022464365","ltp":3.7,"ltpch":0.1,"ltpchp":2.78,"oi":332800,"oich":194740,"oichp":141.05,"option_type":"PE","prev_oi":138060,"strike_price":23250,"symbol":"NSE:NIFTY26FEB23250PE","volume":1912040},{"ask":2429.7,"bid":2308.4,"fyToken":"101126022464364","ltp":2480.9,"ltpch":0,"ltpchp":0,"oi":130,"oich":0,"oichp":0,"option_type":"CE","prev_oi":130,"strike_price":23250,"symbol":"NSE:NIFTY26FEB23250CE","volume":0},{"ask":3.85,"bid":3.75,"fyToken":"101126022464367","ltp":3.8,"ltpch":0.25,"ltpchp":7.04,"oi":2124005,"oich":498285,"oichp":30.65,"option_type":"PE","prev_oi":1625720,"strike_price":23300,"symbol":"NSE:NIFTY26FEB23300PE","volume":4790890},{"ask":2333.55,"bid":2286.05,"fyToken":"101126022464366","ltp":2281.95,"ltpch":-148.05,"ltpchp":-6.09,"oi":2665,"oich":-65,"oichp":-2.38,"option_type":"CE","prev_oi":2730,"strike_price":23300,"symbol":"NSE:NIFTY26FEB23300CE","volume":195},{"ask":4.05,"bid":4,"fyToken":"101126022464369","ltp":4.05,"ltpch":0.25,"ltpchp":6.58,"oi":384735,"oich":190645,"oichp":98.23,"option_type":"PE","prev_oi":194090,"strike_price":23350,"symbol":"NSE:NIFTY26FEB23350PE","volume":2041650},{"ask":2330.25,"bid":2200.65,"fyToken":"101126022464368","ltp":2381.35,"ltpch":0,"ltpchp":0,"oi":130,"oich":0,"oichp":0,"option_type":"CE","prev_oi":130,"strike_price":23350,"symbol":"NSE:NIFTY26FEB23350CE","volume":0},{"ask":4.15,"bid":4.05,"fyToken":"101126022464371","ltp":4.1,"ltpch":0.3,"ltpchp":7.89,"oi":1607190,"oich":461170,"oichp":40.24,"option_type":"PE","prev_oi":1146020,"strike_price":23400,"symbol":"NSE:NIFTY26FEB23400PE","volume":6469255},{"ask":2265.2,"bid":2155.25,"fyToken":"101126022464370","ltp":2338.85,"ltpch":0,"ltpchp":0,"oi":1560,"oich":0,"oichp":0,"option_type":"CE","prev_oi":1560,"strike_price":23400,"symbol":"NSE:NIFTY26FEB23400CE","volume":0},{"ask":4.4,"bid":4.35,"fyToken":"101126022464375","ltp":4.4,"ltpch":0.4,"ltpchp":10,"oi":352235,"oich":221325,"oichp":169.07,"option_type":"PE","prev_oi":130910,"strike_price":23450,"symbol":"NSE:NIFTY26FEB23450PE","volume":2429115},{"ask":2230.65,"bid":2099.8,"fyToken":"101126022464374","ltp":2281.65,"ltpch":0,"ltpchp":0,"oi":195,"oich":0,"oichp":0,"option_type":"CE","prev_oi":195,"strike_price":23450,"symbol":"NSE:NIFTY26FEB23450CE","volume":0},{"ask":4.6,"bid":4.55,"fyToken":"101126022464377","ltp":4.6,"ltpch":0.65,"ltpchp":16.46,"oi":6410950,"oich":2014870,"oichp":45.83,"option_type":"PE","prev_oi":4396080,"strike_price":23500,"symbol":"NSE:NIFTY26FEB23500PE","volume":14347645},{"ask":2120.85,"bid":2115.85,"fyToken":"101126022464376","ltp":2112.1,"ltpch":163.1,"ltpchp":8.37,"oi":460525,"oich":-19760,"oichp":-4.11,"option_type":"CE","prev_oi":480285,"strike_price":23500,"symbol":"NSE:NIFTY26FEB23500CE","volume":31395},{"ask":4.85,"bid":4.75,"fyToken":"101126022464385","ltp":4.85,"ltpch":0.6,"ltpchp":14.12,"oi":305175,"oich":200395,"oichp":191.25,"option_type":"PE","prev_oi":104780,"strike_price":23550,"symbol":"NSE:NIFTY26FEB23550PE","volume":2115880},{"ask":2106.65,"bid":2000.2,"fyToken":"101126022464384","ltp":2187.95,"ltpch":-3.95,"ltpchp":-0.18,"oi":195,"oich":0,"oichp":0,"option_type":"CE","prev_oi":195,"strike_price":23550,"symbol":"NSE:NIFTY26FEB23550CE","volume":0},{"ask":5,"bid":4.95,"fyToken":"101126022464389","ltp":5,"ltpch":0.66,"ltpchp":15.21,"oi":859820,"oich":320125,"oichp":59.32,"option_type":"PE","prev_oi":539695,"strike_price":23600,"symbol":"NSE:NIFTY26FEB23600PE","volume":3898960},{"ask":2055.05,"bid":1960.5,"fyToken":"101126022464386","ltp":2082,"ltpch":0,"ltpchp":0,"oi":910,"oich":0,"oichp":0,"option_type":"CE","prev_oi":910,"strike_price":23600,"symbol":"NSE:NIFTY26FEB23600CE","volume":0},{"ask":5.3,"bid":5.2,"fyToken":"101126022464408","ltp":5.2,"ltpch":0.65,"ltpchp":14.29,"oi":238680,"oich":129090,"oichp":117.79,"option_type":"PE","prev_oi":109590,"strike_price":23650,"symbol":"NSE:NIFTY26FEB23650PE","volume":1809340},{"ask":1991.1,"bid":1917.05,"fyToken":"101126022464406","ltp":2075.3,"ltpch":0,"ltpchp":0,"oi":1495,"oich":0,"oichp":0,"option_type":"CE","prev_oi":1495,"strike_price":23650,"symbol":"NSE:NIFTY26FEB23650CE","volume":0},{"ask":5.45,"bid":5.4,"fyToken":"101126022464412","ltp":5.4,"ltpch":0.9,"ltpchp":20,"oi":1542710,"oich":989365,"oichp":178.8,"option_type":"PE","prev_oi":553345,"strike_price":23700,"symbol":"NSE:NIFTY26FEB23700PE","volume":6205225},{"ask":1930.15,"bid":1911.7,"fyToken":"101126022464411","ltp":1796.6,"ltpch":-104,"ltpchp":-5.47,"oi":1430,"oich":0,"oichp":0,"option_type":"CE","prev_oi":1430,"strike_price":23700,"symbol":"NSE:NIFTY26FEB23700CE","volume":65},{"ask":5.75,"bid":5.65,"fyToken":"101126022464612","ltp":5.7,"ltpch":0.65,"ltpchp":12.87,"oi":424840,"oich":136370,"oichp":47.27,"option_type":"PE","prev_oi":288470,"strike_price":23750,"symbol":"NSE:NIFTY26FEB23750PE","volume":2787135},{"ask":1873.3,"bid":1856.55,"fyToken":"101126022464448","ltp":1873.95,"ltpch":-111.1,"ltpchp":-5.6,"oi":11765,"oich":-2730,"oichp":-18.83,"option_type":"CE","prev_oi":14495,"strike_price":23750,"symbol":"NSE:NIFTY26FEB23750CE","volume":3965},{"ask":5.95,"bid":5.85,"fyToken":"101126022464620","ltp":5.9,"ltpch":0.9,"ltpchp":18,"oi":2690415,"oich":1096035,"oichp":68.74,"option_type":"PE","prev_oi":1594380,"strike_price":23800,"symbol":"NSE:NIFTY26FEB23800PE","volume":8537425},{"ask":1863.7,"bid":1814.05,"fyToken":"101126022464619","ltp":1669.8,"ltpch":11.35,"ltpchp":0.68,"oi":5915,"oich":-65,"oichp":-1.09,"option_type":"CE","prev_oi":5980,"strike_price":23800,"symbol":"NSE:NIFTY26FEB23800CE","volume":195},{"ask":6.3,"bid":6.25,"fyToken":"101126022464663","ltp":6.3,"ltpch":1,"ltpchp":18.87,"oi":317135,"oich":166790,"oichp":110.94,"option_type":"PE","prev_oi":150345,"strike_price":23850,"symbol":"NSE:NIFTY26FEB23850PE","volume":3252600},{"ask":1792.15,"bid":1723.25,"fyToken":"101126022464624","ltp":1884,"ltpch":0,"ltpchp":0,"oi":1820,"oich":0,"oichp":0,"option_type":"CE","prev_oi":1820,"strike_price":23850,"symbol":"NSE:NIFTY26FEB23850CE","volume":0},{"ask":6.6,"bid":6.55,"fyToken":"101126022464719","ltp":6.6,"ltpch":1.2,"ltpchp":22.22,"oi":1715025,"oich":872105,"oichp":103.46,"option_type":"PE","prev_oi":842920,"strike_price":23900,"symbol":"NSE:NIFTY26FEB23900PE","volume":6916065},{"ask":1741.1,"bid":1706.9,"fyToken":"101126022464664","ltp":1624.65,"ltpch":-110.25,"ltpchp":-6.35,"oi":6500,"oich":130,"oichp":2.04,"option_type":"CE","prev_oi":6370,"strike_price":23900,"symbol":"NSE:NIFTY26FEB23900CE","volume":195},{"ask":6.9,"bid":6.8,"fyToken":"101126022464760","ltp":6.85,"ltpch":1.25,"ltpchp":22.32,"oi":430950,"oich":118755,"oichp":38.04,"option_type":"PE","prev_oi":312195,"strike_price":23950,"symbol":"NSE:NIFTY26FEB23950PE","volume":2865720},{"ask":1695.15,"bid":1636,"fyToken":"101126022464720","ltp":1788.45,"ltpch":0,"ltpchp":0,"oi":585,"oich":0,"oichp":0,"option_type":"CE","prev_oi":585,"strike_price":23950,"symbol":"NSE:NIFTY26FEB23950CE","volume":0},{"ask":7.2,"bid":7.15,"fyToken":"101126022464785","ltp":7.2,"ltpch":1.1,"ltpchp":18.03,"oi":11766690,"oich":2685610,"oichp":29.57,"option_type":"PE","prev_oi":9081080,"strike_price":24000,"symbol":"NSE:NIFTY26FEB24000PE","volume":25054640},{"ask":1624.7,"bid":1620.1,"fyToken":"101126022464784","ltp":1617.7,"ltpch":139.2,"ltpchp":9.41,"oi":605215,"oich":-75335,"oichp":-11.07,"option_type":"CE","prev_oi":680550,"strike_price":24000,"symbol":"NSE:NIFTY26FEB24000CE","volume":133705},{"ask":7.55,"bid":7.5,"fyToken":"101126022464791","ltp":7.5,"ltpch":1.4,"ltpchp":22.95,"oi":422110,"oich":175630,"oichp":71.26,"option_type":"PE","prev_oi":246480,"strike_price":24050,"symbol":"NSE:NIFTY26FEB24050PE","volume":2801240},{"ask":1607.6,"bid":1531.55,"fyToken":"101126022464790","ltp":1685.55,"ltpch":0,"ltpchp":0,"oi":390,"oich":0,"oichp":0,"option_type":"CE","prev_oi":390,"strike_price":24050,"symbol":"NSE:NIFTY26FEB24050CE","volume":0},{"ask":7.85,"bid":7.8,"fyToken":"101126022464793","ltp":7.85,"ltpch":1.35,"ltpchp":20.77,"oi":1512680,"oich":521365,"oichp":52.59,"option_type":"PE","prev_oi":991315,"strike_price":24100,"symbol":"NSE:NIFTY26FEB24100PE","volume":6813105},{"ask":1533.5,"bid":1516.75,"fyToken":"101126022464792","ltp":1408.3,"ltpch":-111.7,"ltpchp":-7.35,"oi":7215,"oich":0,"oichp":0,"option_type":"CE","prev_oi":7215,"strike_price":24100,"symbol":"NSE:NIFTY26FEB24100CE","volume":325},{"ask":8.25,"bid":8.2,"fyToken":"101126022464795","ltp":8.25,"ltpch":1.55,"ltpchp":23.13,"oi":455975,"oich":273195,"oichp":149.47,"option_type":"PE","prev_oi":182780,"strike_price":24150,"symbol":"NSE:NIFTY26FEB24150PE","volume":3124160},{"ask":1509.15,"bid":1447.7,"fyToken":"101126022464794","ltp":1591.6,"ltpch":0,"ltpchp":0,"oi":2015,"oich":0,"oichp":0,"option_type":"CE","prev_oi":2015,"strike_price":24150,"symbol":"NSE:NIFTY26FEB24150CE","volume":0},{"ask":8.7,"bid":8.65,"fyToken":"101126022464797","ltp":8.65,"ltpch":1.35,"ltpchp":18.49,"oi":3080870,"oich":1267630,"oichp":69.91,"option_type":"PE","prev_oi":1813240,"strike_price":24200,"symbol":"NSE:NIFTY26FEB24200PE","volume":13219570},{"ask":1429.65,"bid":1396.4,"fyToken":"101126022464796","ltp":1429,"ltpch":214.55,"ltpchp":17.67,"oi":9360,"oich":-520,"oichp":-5.26,"option_type":"CE","prev_oi":9880,"strike_price":24200,"symbol":"NSE:NIFTY26FEB24200CE","volume":650},{"ask":9.15,"bid":9.1,"fyToken":"101126022464799","ltp":9.15,"ltpch":1.8,"ltpchp":24.49,"oi":1329445,"oich":952510,"oichp":252.7,"option_type":"PE","prev_oi":376935,"strike_price":24250,"symbol":"NSE:NIFTY26FEB24250PE","volume":6075030},{"ask":1393.25,"bid":1366.55,"fyToken":"101126022464798","ltp":1266.05,"ltpch":-98.45,"ltpchp":-7.22,"oi":780,"oich":0,"oichp":0,"option_type":"CE","prev_oi":780,"strike_price":24250,"symbol":"NSE:NIFTY26FEB24250CE","volume":975},{"ask":9.5,"bid":9.45,"fyToken":"101126022464801","ltp":9.55,"ltpch":1.5,"ltpchp":18.63,"oi":2548130,"oich":710710,"oichp":38.68,"option_type":"PE","prev_oi":1837420,"strike_price":24300,"symbol":"NSE:NIFTY26FEB24300PE","volume":12314705},{"ask":1330.3,"bid":1319.55,"fyToken":"101126022464800","ltp":1330.3,"ltpch":146.55,"ltpchp":12.38,"oi":10725,"oich":-130,"oichp":-1.2,"option_type":"CE","prev_oi":10855,"strike_price":24300,"symbol":"NSE:NIFTY26FEB24300CE","volume":1430},{"ask":10.05,"bid":10,"fyToken":"101126022464803","ltp":10.05,"ltpch":1.45,"ltpchp":16.86,"oi":1094145,"oich":818805,"oichp":297.38,"option_type":"PE","prev_oi":275340,"strike_price":24350,"symbol":"NSE:NIFTY26FEB24350PE","volume":6414135},{"ask":1309.6,"bid":1244.75,"fyToken":"101126022464802","ltp":1377.7,"ltpch":0,"ltpchp":0,"oi":3705,"oich":0,"oichp":0,"option_type":"CE","prev_oi":3705,"strike_price":24350,"symbol":"NSE:NIFTY26FEB24350CE","volume":0},{"ask":10.5,"bid":10.45,"fyToken":"101126022464805","ltp":10.5,"ltpch":1.4,"ltpchp":15.38,"oi":2658955,"oich":1253915,"oichp":89.24,"option_type":"PE","prev_oi":1405040,"strike_price":24400,"symbol":"NSE:NIFTY26FEB24400PE","volume":13329940},{"ask":1230.05,"bid":1222.3,"fyToken":"101126022464804","ltp":1218.8,"ltpch":159.5,"ltpchp":15.06,"oi":12155,"oich":0,"oichp":0,"option_type":"CE","prev_oi":12155,"strike_price":24400,"symbol":"NSE:NIFTY26FEB24400CE","volume":1430},{"ask":11.05,"bid":11,"fyToken":"101126022464807","ltp":11,"ltpch":0.95,"ltpchp":9.45,"oi":1274845,"oich":805090,"oichp":171.39,"option_type":"PE","prev_oi":469755,"strike_price":24450,"symbol":"NSE:NIFTY26FEB24450PE","volume":7621640},{"ask":1179.85,"bid":1165.95,"fyToken":"101126022464806","ltp":1182.55,"ltpch":-114.15,"ltpchp":-8.8,"oi":7605,"oich":65,"oichp":0.86,"option_type":"CE","prev_oi":7540,"strike_price":24450,"symbol":"NSE:NIFTY26FEB24450CE","volume":455},{"ask":11.55,"bid":11.45,"fyToken":"101126022464809","ltp":11.5,"ltpch":0.85,"ltpchp":7.98,"oi":10253490,"oich":2103920,"oichp":25.82,"option_type":"PE","prev_oi":8149570,"strike_price":24500,"symbol":"NSE:NIFTY26FEB24500PE","volume":28279160},{"ask":1129.2,"bid":1124.3,"fyToken":"101126022464808","ltp":1125,"ltpch":175.35,"ltpchp":18.46,"oi":283270,"oich":-3315,"oichp":-1.16,"option_type":"CE","prev_oi":286585,"strike_price":24500,"symbol":"NSE:NIFTY26FEB24500CE","volume":80015},{"ask":12.25,"bid":12.15,"fyToken":"101126022464811","ltp":12.25,"ltpch":0.65,"ltpchp":5.6,"oi":2011035,"oich":1662440,"oichp":476.9,"option_type":"PE","prev_oi":348595,"strike_price":24550,"symbol":"NSE:NIFTY26FEB24550PE","volume":9638265},{"ask":1096.25,"bid":1050.1,"fyToken":"101126022464810","ltp":986.3,"ltpch":0,"ltpchp":0,"oi":12090,"oich":0,"oichp":0,"option_type":"CE","prev_oi":12090,"strike_price":24550,"symbol":"NSE:NIFTY26FEB24550CE","volume":0},{"ask":12.85,"bid":12.8,"fyToken":"101126022464813","ltp":12.8,"ltpch":0.15,"ltpchp":1.19,"oi":2947685,"oich":889465,"oichp":43.22,"option_type":"PE","prev_oi":2058220,"strike_price":24600,"symbol":"NSE:NIFTY26FEB24600PE","volume":13518765},{"ask":1030.25,"bid":1025.75,"fyToken":"101126022464812","ltp":1034.2,"ltpch":199.2,"ltpchp":23.86,"oi":32955,"oich":1040,"oichp":3.26,"option_type":"CE","prev_oi":31915,"strike_price":24600,"symbol":"NSE:NIFTY26FEB24600CE","volume":4615},{"ask":13.55,"bid":13.5,"fyToken":"101126022464815","ltp":13.55,"ltpch":0,"ltpchp":0,"oi":921440,"oich":399165,"oichp":76.43,"option_type":"PE","prev_oi":522275,"strike_price":24650,"symbol":"NSE:NIFTY26FEB24650PE","volume":6961370},{"ask":981.05,"bid":975.65,"fyToken":"101126022464814","ltp":984.5,"ltpch":107.1,"ltpchp":12.21,"oi":8775,"oich":1560,"oichp":21.62,"option_type":"CE","prev_oi":7215,"strike_price":24650,"symbol":"NSE:NIFTY26FEB24650CE","volume":7150},{"ask":14.3,"bid":14.25,"fyToken":"101126022464817","ltp":14.3,"ltpch":-1.2,"ltpchp":-7.74,"oi":4332055,"oich":523705,"oichp":13.75,"option_type":"PE","prev_oi":3808350,"strike_price":24700,"symbol":"NSE:NIFTY26FEB24700PE","volume":16034590},{"ask":932.2,"bid":927.95,"fyToken":"101126022464816","ltp":918.6,"ltpch":154.5,"ltpchp":20.22,"oi":44265,"oich":260,"oichp":0.59,"option_type":"CE","prev_oi":44005,"strike_price":24700,"symbol":"NSE:NIFTY26FEB24700CE","volume":17615},{"ask":15.15,"bid":15.05,"fyToken":"101126022464819","ltp":15.1,"ltpch":-2.25,"ltpchp":-12.97,"oi":1370525,"oich":495170,"oichp":56.57,"option_type":"PE","prev_oi":875355,"strike_price":24750,"symbol":"NSE:NIFTY26FEB24750PE","volume":7805850},{"ask":882.7,"bid":878.35,"fyToken":"101126022464818","ltp":886.4,"ltpch":184.35,"ltpchp":26.26,"oi":16380,"oich":-1950,"oichp":-10.64,"option_type":"CE","prev_oi":18330,"strike_price":24750,"symbol":"NSE:NIFTY26FEB24750CE","volume":9360},{"ask":16,"bid":15.95,"fyToken":"101126022464822","ltp":15.95,"ltpch":-3.19,"ltpchp":-16.67,"oi":7703410,"oich":1440400,"oichp":23,"option_type":"PE","prev_oi":6263010,"strike_price":24800,"symbol":"NSE:NIFTY26FEB24800PE","volume":24178960},{"ask":834,"bid":830.35,"fyToken":"101126022464821","ltp":835.55,"ltpch":184.6,"ltpchp":28.36,"oi":191360,"oich":-1235,"oichp":-0.64,"option_type":"CE","prev_oi":192595,"strike_price":24800,"symbol":"NSE:NIFTY26FEB24800CE","volume":61295},{"ask":17.3,"bid":17.25,"fyToken":"101126022464824","ltp":17.3,"ltpch":-5.4,"ltpchp":-23.79,"oi":1504945,"oich":386365,"oichp":34.54,"option_type":"PE","prev_oi":1118580,"strike_price":24850,"symbol":"NSE:NIFTY26FEB24850PE","volume":10218780},{"ask":784.1,"bid":780.25,"fyToken":"101126022464823","ltp":787.8,"ltpch":189.3,"ltpchp":31.63,"oi":24635,"oich":-195,"oichp":-0.79,"option_type":"CE","prev_oi":24830,"strike_price":24850,"symbol":"NSE:NIFTY26FEB24850CE","volume":37050},{"ask":18.7,"bid":18.65,"fyToken":"101126022464826","ltp":18.7,"ltpch":-6.85,"ltpchp":-26.81,"oi":3752580,"oich":657600,"oichp":21.25,"option_type":"PE","prev_oi":3094980,"strike_price":24900,"symbol":"NSE:NIFTY26FEB24900PE","volume":21378825},{"ask":735.35,"bid":732.9,"fyToken":"101126022464825","ltp":735.05,"ltpch":157.01,"ltpchp":27.16,"oi":426465,"oich":-3055,"oichp":-0.71,"option_type":"CE","prev_oi":429520,"strike_price":24900,"symbol":"NSE:NIFTY26FEB24900CE","volume":88595},{"ask":20.35,"bid":20.25,"fyToken":"101126022464828","ltp":20.35,"ltpch":-8.65,"ltpchp":-29.83,"oi":1530880,"oich":495620,"oichp":47.87,"option_type":"PE","prev_oi":1035260,"strike_price":24950,"symbol":"NSE:NIFTY26FEB24950PE","volume":15276950},{"ask":687.4,"bid":683,"fyToken":"101126022464827","ltp":690.9,"ltpch":163.3,"ltpchp":30.95,"oi":26650,"oich":6500,"oichp":32.26,"option_type":"CE","prev_oi":20150,"strike_price":24950,"symbol":"NSE:NIFTY26FEB24950CE","volume":55900},{"ask":22.3,"bid":22.25,"fyToken":"101126022464830","ltp":22.25,"ltpch":-12.1,"ltpchp":-35.23,"oi":11768055,"oich":1489955,"oichp":14.5,"option_type":"PE","prev_oi":10278100,"strike_price":25000,"symbol":"NSE:NIFTY26FEB25000PE","volume":68053310},{"ask":638.65,"bid":636.9,"fyToken":"101126022464829","ltp":637,"ltpch":161.6,"ltpchp":33.99,"oi":2050360,"oich":-163800,"oichp":-7.4,"option_type":"CE","prev_oi":2214160,"strike_price":25000,"symbol":"NSE:NIFTY26FEB25000CE","volume":2105545},{"ask":24.4,"bid":24.35,"fyToken":"101126022464832","ltp":24.4,"ltpch":-14.95,"ltpchp":-37.99,"oi":1834170,"oich":707910,"oichp":62.85,"option_type":"PE","prev_oi":1126260,"strike_price":25050,"symbol":"NSE:NIFTY26FEB25050PE","volume":20519070},{"ask":590.8,"bid":589.35,"fyToken":"101126022464831","ltp":589.5,"ltpch":148.4,"ltpchp":33.64,"oi":49985,"oich":4550,"oichp":10.01,"option_type":"CE","prev_oi":45435,"strike_price":25050,"symbol":"NSE:NIFTY26FEB25050CE","volume":149890},{"ask":27.15,"bid":27.1,"fyToken":"101126022464834","ltp":27.1,"ltpch":-17.85,"ltpchp":-39.71,"oi":4778800,"oich":426460,"oichp":9.8,"option_type":"PE","prev_oi":4352340,"strike_price":25100,"symbol":"NSE:NIFTY26FEB25100PE","volume":42617250},{"ask":542.65,"bid":541.4,"fyToken":"101126022464833","ltp":541.75,"ltpch":155.75,"ltpchp":40.35,"oi":353340,"oich":-24180,"oichp":-6.4,"option_type":"CE","prev_oi":377520,"strike_price":25100,"symbol":"NSE:NIFTY26FEB25100CE","volume":865930},{"ask":30.5,"bid":30.4,"fyToken":"101126022464836","ltp":30.4,"ltpch":-22.4,"ltpchp":-42.42,"oi":2609880,"oich":1195680,"oichp":84.55,"option_type":"PE","prev_oi":1414200,"strike_price":25150,"symbol":"NSE:NIFTY26FEB25150PE","volume":32790420},{"ask":496.25,"bid":494.95,"fyToken":"101126022464835","ltp":491.3,"ltpch":144.95,"ltpchp":41.85,"oi":64350,"oich":11570,"oichp":21.92,"option_type":"CE","prev_oi":52780,"strike_price":25150,"symbol":"NSE:NIFTY26FEB25150CE","volume":514085},{"ask":34.65,"bid":34.55,"fyToken":"101126022464838","ltp":34.65,"ltpch":-26.45,"ltpchp":-43.29,"oi":6384495,"oich":1645995,"oichp":34.74,"option_type":"PE","prev_oi":4738500,"strike_price":25200,"symbol":"NSE:NIFTY26FEB25200PE","volume":69294160},{"ask":449.4,"bid":448.5,"fyToken":"101126022464837","ltp":449,"ltpch":142.4,"ltpchp":46.44,"oi":989105,"oich":390,"oichp":0.04,"option_type":"CE","prev_oi":988715,"strike_price":25200,"symbol":"NSE:NIFTY26FEB25200CE","volume":4639180},{"ask":39.45,"bid":39.35,"fyToken":"101126022464840","ltp":39.5,"ltpch":-33.8,"ltpchp":-46.11,"oi":3539315,"oich":2192645,"oichp":162.82,"option_type":"PE","prev_oi":1346670,"strike_price":25250,"symbol":"NSE:NIFTY26FEB25250PE","volume":49330450},{"ask":405.1,"bid":404.2,"fyToken":"101126022464839","ltp":403.65,"ltpch":136.51,"ltpchp":51.1,"oi":214045,"oich":91455,"oichp":74.6,"option_type":"CE","prev_oi":122590,"strike_price":25250,"symbol":"NSE:NIFTY26FEB25250CE","volume":3145090},{"ask":45.8,"bid":45.75,"fyToken":"101126022464842","ltp":45.8,"ltpch":-40.05,"ltpchp":-46.65,"oi":8128120,"oich":4040980,"oichp":98.87,"option_type":"PE","prev_oi":4087140,"strike_price":25300,"symbol":"NSE:NIFTY26FEB25300PE","volume":106232295},{"ask":360.35,"bid":359.6,"fyToken":"101126022464841","ltp":359.9,"ltpch":127.85,"ltpchp":55.1,"oi":1410890,"oich":13260,"oichp":0.95,"option_type":"CE","prev_oi":1397630,"strike_price":25300,"symbol":"NSE:NIFTY26FEB25300CE","volume":19082960},{"ask":53.55,"bid":53.45,"fyToken":"101126022464844","ltp":53.4,"ltpch":-49.1,"ltpchp":-47.9,"oi":5142865,"oich":2997605,"oichp":139.73,"option_type":"PE","prev_oi":2145260,"strike_price":25350,"symbol":"NSE:NIFTY26FEB25350PE","volume":77399985},{"ask":319.05,"bid":318.4,"fyToken":"101126022464843","ltp":318.15,"ltpch":118.95,"ltpchp":59.71,"oi":494390,"oich":134940,"oichp":37.54,"option_type":"CE","prev_oi":359450,"strike_price":25350,"symbol":"NSE:NIFTY26FEB25350CE","volume":17923490},{"ask":277.8,"bid":277.35,"fyToken":"101126022464845","ltp":278,"ltpch":110.6,"ltpchp":66.07,"oi":2681445,"oich":-71115,"oichp":-2.58,"option_type":"CE","prev_oi":2752560,"strike_price":25400,"symbol":"NSE:NIFTY26FEB25400CE","volume":95257110},{"ask":63.1,"bid":62.9,"fyToken":"101126022464849","ltp":62.85,"ltpch":-59.05,"ltpchp":-48.44,"oi":12567230,"oich":6506310,"oichp":107.35,"option_type":"PE","prev_oi":6060920,"strike_price":25400,"symbol":"NSE:NIFTY26FEB25400PE","volume":190620820},{"ask":74.65,"bid":74.45,"fyToken":"101126022464851","ltp":74.45,"ltpch":-63.99,"ltpchp":-46.22,"oi":7891845,"oich":6061385,"oichp":331.14,"option_type":"PE","prev_oi":1830460,"strike_price":25450,"symbol":"NSE:NIFTY26FEB25450PE","volume":128538410},{"ask":239.25,"bid":238.75,"fyToken":"101126022464850","ltp":239,"ltpch":96.56,"ltpchp":67.79,"oi":2005705,"oich":-77215,"oichp":-3.71,"option_type":"CE","prev_oi":2082920,"strike_price":25450,"symbol":"NSE:NIFTY26FEB25450CE","volume":100112935},{"ask":88.7,"bid":88.5,"fyToken":"101126022464853","ltp":88.5,"ltpch":-70.69,"ltpchp":-44.41,"oi":15786745,"oich":10157095,"oichp":180.42,"option_type":"PE","prev_oi":5629650,"strike_price":25500,"symbol":"NSE:NIFTY26FEB25500PE","volume":193668930},{"ask":203.2,"bid":202.8,"fyToken":"101126022464852","ltp":203.15,"ltpch":81.85,"ltpchp":67.48,"oi":7934160,"oich":263960,"oichp":3.44,"option_type":"CE","prev_oi":7670200,"strike_price":25500,"symbol":"NSE:NIFTY26FEB25500CE","volume":220184120},{"ask":105.55,"bid":105.4,"fyToken":"101126022464855","ltp":105.5,"ltpch":-78.2,"ltpchp":-42.57,"oi":6463015,"oich":5038795,"oichp":353.79,"option_type":"PE","prev_oi":1424220,"strike_price":25550,"symbol":"NSE:NIFTY26FEB25550PE","volume":81420820},{"ask":170.65,"bid":170.45,"fyToken":"101126022464854","ltp":170.7,"ltpch":71.05,"ltpchp":71.3,"oi":4225650,"oich":1453330,"oichp":52.42,"option_type":"CE","prev_oi":2772320,"strike_price":25550,"symbol":"NSE:NIFTY26FEB25550CE","volume":143417430},{"ask":141.25,"bid":141,"fyToken":"101126022464856","ltp":141.25,"ltpch":61.35,"ltpchp":76.78,"oi":13094445,"oich":1695345,"oichp":14.87,"option_type":"CE","prev_oi":11399100,"strike_price":25600,"symbol":"NSE:NIFTY26FEB25600CE","volume":242225295},{"ask":126.15,"bid":125.9,"fyToken":"101126022464857","ltp":126.15,"ltpch":-93.55,"ltpchp":-42.58,"oi":10717720,"oich":6884340,"oichp":179.59,"option_type":"PE","prev_oi":3833380,"strike_price":25600,"symbol":"NSE:NIFTY26FEB25600PE","volume":96387070},{"ask":150.2,"bid":149.9,"fyToken":"101126022464859","ltp":150.25,"ltpch":-101.05,"ltpchp":-40.21,"oi":2561260,"oich":1618370,"oichp":171.64,"option_type":"PE","prev_oi":942890,"strike_price":25650,"symbol":"NSE:NIFTY26FEB25650PE","volume":22395490},{"ask":115.15,"bid":115,"fyToken":"101126022464858","ltp":115.15,"ltpch":49.95,"ltpchp":76.61,"oi":6600035,"oich":2497495,"oichp":60.88,"option_type":"CE","prev_oi":4102540,"strike_price":25650,"symbol":"NSE:NIFTY26FEB25650CE","volume":118795820},{"ask":177.75,"bid":177.45,"fyToken":"101126022464861","ltp":177.5,"ltpch":-116.85,"ltpchp":-39.7,"oi":4291950,"oich":957390,"oichp":28.71,"option_type":"PE","prev_oi":3334560,"strike_price":25700,"symbol":"NSE:NIFTY26FEB25700PE","volume":24992045},{"ask":92.85,"bid":92.7,"fyToken":"101126022464860","ltp":92.9,"ltpch":40.45,"ltpchp":77.12,"oi":14232855,"oich":1923855,"oichp":15.63,"option_type":"CE","prev_oi":12309000,"strike_price":25700,"symbol":"NSE:NIFTY26FEB25700CE","volume":174177705},{"ask":208.85,"bid":208.55,"fyToken":"101126022464863","ltp":208.85,"ltpch":-122.8,"ltpchp":-37.03,"oi":1267565,"oich":238615,"oichp":23.19,"option_type":"PE","prev_oi":1028950,"strike_price":25750,"symbol":"NSE:NIFTY26FEB25750PE","volume":5397795},{"ask":74.1,"bid":73.95,"fyToken":"101126022464862","ltp":74,"ltpch":30.95,"ltpchp":71.89,"oi":7141550,"oich":893170,"oichp":14.29,"option_type":"CE","prev_oi":6248380,"strike_price":25750,"symbol":"NSE:NIFTY26FEB25750CE","volume":89791325},{"ask":243.6,"bid":243.15,"fyToken":"101126022464865","ltp":243.6,"ltpch":-132.85,"ltpchp":-35.29,"oi":3045445,"oich":68765,"oichp":2.31,"option_type":"PE","prev_oi":2976680,"strike_price":25800,"symbol":"NSE:NIFTY26FEB25800PE","volume":9119305},{"ask":58.45,"bid":58.35,"fyToken":"101126022464864","ltp":58.35,"ltpch":22.9,"ltpchp":64.6,"oi":14356355,"oich":-343245,"oichp":-2.34,"option_type":"CE","prev_oi":14699600,"strike_price":25800,"symbol":"NSE:NIFTY26FEB25800CE","volume":129408240},{"ask":281.35,"bid":280.8,"fyToken":"101126022464867","ltp":279.95,"ltpch":-140.75,"ltpchp":-33.46,"oi":520000,"oich":-5265,"oichp":-1,"option_type":"PE","prev_oi":525265,"strike_price":25850,"symbol":"NSE:NIFTY26FEB25850PE","volume":1215760},{"ask":46.1,"bid":45.95,"fyToken":"101126022464866","ltp":46,"ltpch":16.35,"ltpchp":55.14,"oi":6820255,"oich":600335,"oichp":9.65,"option_type":"CE","prev_oi":6219920,"strike_price":25850,"symbol":"NSE:NIFTY26FEB25850CE","volume":64608375},{"ask":321.45,"bid":320.85,"fyToken":"101126022464869","ltp":320.85,"ltpch":-148.65,"ltpchp":-31.66,"oi":1278420,"oich":-104260,"oichp":-7.54,"option_type":"PE","prev_oi":1382680,"strike_price":25900,"symbol":"NSE:NIFTY26FEB25900PE","volume":3162575},{"ask":36.25,"bid":36.2,"fyToken":"101126022464868","ltp":36.15,"ltpch":11.5,"ltpchp":46.65,"oi":10075975,"oich":625695,"oichp":6.62,"option_type":"CE","prev_oi":9450280,"strike_price":25900,"symbol":"NSE:NIFTY26FEB25900CE","volume":83712070},{"ask":363.2,"bid":362.45,"fyToken":"101126022464871","ltp":364.85,"ltpch":-150.5,"ltpchp":-29.2,"oi":149760,"oich":-69615,"oichp":-31.73,"option_type":"PE","prev_oi":219375,"strike_price":25950,"symbol":"NSE:NIFTY26FEB25950PE","volume":426010},{"ask":28.6,"bid":28.5,"fyToken":"101126022464870","ltp":28.55,"ltpch":7.5,"ltpchp":35.63,"oi":4767945,"oich":950425,"oichp":24.9,"option_type":"CE","prev_oi":3817520,"strike_price":25950,"symbol":"NSE:NIFTY26FEB25950CE","volume":42914820},{"ask":22.65,"bid":22.55,"fyToken":"101126022464872","ltp":22.55,"ltpch":4.5,"ltpchp":24.93,"oi":16657420,"oich":1843420,"oichp":12.44,"option_type":"CE","prev_oi":14814000,"strike_price":26000,"symbol":"NSE:NIFTY26FEB26000CE","volume":91706095},{"ask":407.55,"bid":406.65,"fyToken":"101126022464873","ltp":406.8,"ltpch":-153.4,"ltpchp":-27.38,"oi":3083405,"oich":-30225,"oichp":-0.97,"option_type":"PE","prev_oi":3113630,"strike_price":26000,"symbol":"NSE:NIFTY26FEB26000PE","volume":2970045},{"ask":452.45,"bid":451.1,"fyToken":"101126022464875","ltp":457.65,"ltpch":-147.89,"ltpchp":-24.42,"oi":116090,"oich":-3315,"oichp":-2.78,"option_type":"PE","prev_oi":119405,"strike_price":26050,"symbol":"NSE:NIFTY26FEB26050PE","volume":108940},{"ask":18.1,"bid":18,"fyToken":"101126022464874","ltp":18,"ltpch":2.65,"ltpchp":17.26,"oi":3232580,"oich":391360,"oichp":13.77,"option_type":"CE","prev_oi":2841220,"strike_price":26050,"symbol":"NSE:NIFTY26FEB26050CE","volume":30315415},{"ask":499,"bid":498,"fyToken":"101126022464877","ltp":499.4,"ltpch":-186.3,"ltpchp":-27.17,"oi":505310,"oich":-164515,"oichp":-24.56,"option_type":"PE","prev_oi":669825,"strike_price":26100,"symbol":"NSE:NIFTY26FEB26100PE","volume":350480},{"ask":14.45,"bid":14.4,"fyToken":"101126022464876","ltp":14.35,"ltpch":0.7,"ltpchp":5.13,"oi":6930820,"oich":556270,"oichp":8.73,"option_type":"CE","prev_oi":6374550,"strike_price":26100,"symbol":"NSE:NIFTY26FEB26100CE","volume":40107340},{"ask":546.4,"bid":544.3,"fyToken":"101126022464879","ltp":545.05,"ltpch":-161,"ltpchp":-22.8,"oi":67210,"oich":-4615,"oichp":-6.43,"option_type":"PE","prev_oi":71825,"strike_price":26150,"symbol":"NSE:NIFTY26FEB26150PE","volume":52325},{"ask":11.8,"bid":11.75,"fyToken":"101126022464878","ltp":11.75,"ltpch":-0.55,"ltpchp":-4.47,"oi":2453945,"oich":33215,"oichp":1.37,"option_type":"CE","prev_oi":2420730,"strike_price":26150,"symbol":"NSE:NIFTY26FEB26150CE","volume":21425300},{"ask":594.2,"bid":592.75,"fyToken":"101126022464881","ltp":595.95,"ltpch":-169.95,"ltpchp":-22.19,"oi":482365,"oich":-60320,"oichp":-11.12,"option_type":"PE","prev_oi":542685,"strike_price":26200,"symbol":"NSE:NIFTY26FEB26200PE","volume":271050},{"ask":9.65,"bid":9.55,"fyToken":"101126022464880","ltp":9.6,"ltpch":-1.45,"ltpchp":-13.12,"oi":6216535,"oich":-749325,"oichp":-10.76,"option_type":"CE","prev_oi":6965860,"strike_price":26200,"symbol":"NSE:NIFTY26FEB26200CE","volume":30728100},{"ask":643.4,"bid":640.5,"fyToken":"101126022464901","ltp":640.95,"ltpch":-168.05,"ltpchp":-20.77,"oi":51285,"oich":-4225,"oichp":-7.61,"option_type":"PE","prev_oi":55510,"strike_price":26250,"symbol":"NSE:NIFTY26FEB26250PE","volume":19500},{"ask":7.95,"bid":7.9,"fyToken":"101126022464882","ltp":7.95,"ltpch":-2.3,"ltpchp":-22.44,"oi":3195010,"oich":-507970,"oichp":-13.72,"option_type":"CE","prev_oi":3702980,"strike_price":26250,"symbol":"NSE:NIFTY26FEB26250CE","volume":18530460},{"ask":691.7,"bid":688.8,"fyToken":"101126022464925","ltp":699.15,"ltpch":-150.8,"ltpchp":-17.74,"oi":441090,"oich":-23140,"oichp":-4.98,"option_type":"PE","prev_oi":464230,"strike_price":26300,"symbol":"NSE:NIFTY26FEB26300PE","volume":73775},{"ask":6.6,"bid":6.55,"fyToken":"101126022464907","ltp":6.6,"ltpch":-2.55,"ltpchp":-27.87,"oi":5874115,"oich":-399885,"oichp":-6.37,"option_type":"CE","prev_oi":6274000,"strike_price":26300,"symbol":"NSE:NIFTY26FEB26300CE","volume":23787530},{"ask":742.2,"bid":737.85,"fyToken":"101126022464928","ltp":724.15,"ltpch":-185.95,"ltpchp":-20.43,"oi":39325,"oich":-1430,"oichp":-3.51,"option_type":"PE","prev_oi":40755,"strike_price":26350,"symbol":"NSE:NIFTY26FEB26350PE","volume":5850},{"ask":5.65,"bid":5.6,"fyToken":"101126022464926","ltp":5.65,"ltpch":-2.75,"ltpchp":-32.74,"oi":1939470,"oich":140010,"oichp":7.78,"option_type":"CE","prev_oi":1799460,"strike_price":26350,"symbol":"NSE:NIFTY26FEB26350CE","volume":9857705},{"ask":791.15,"bid":788.5,"fyToken":"101126022464934","ltp":788.55,"ltpch":-176.25,"ltpchp":-18.27,"oi":402675,"oich":-1690,"oichp":-0.42,"option_type":"PE","prev_oi":404365,"strike_price":26400,"symbol":"NSE:NIFTY26FEB26400PE","volume":11700},{"ask":4.75,"bid":4.7,"fyToken":"101126022464931","ltp":4.75,"ltpch":-2.75,"ltpchp":-36.67,"oi":6743620,"oich":-361980,"oichp":-5.09,"option_type":"CE","prev_oi":7105600,"strike_price":26400,"symbol":"NSE:NIFTY26FEB26400CE","volume":19388265},{"ask":843.55,"bid":836.95,"fyToken":"101126022464936","ltp":836.85,"ltpch":-158.8,"ltpchp":-15.95,"oi":17030,"oich":-65,"oichp":-0.38,"option_type":"PE","prev_oi":17095,"strike_price":26450,"symbol":"NSE:NIFTY26FEB26450PE","volume":2340},{"ask":4.25,"bid":4.2,"fyToken":"101126022464935","ltp":4.25,"ltpch":-2.85,"ltpchp":-40.14,"oi":1920880,"oich":-818740,"oichp":-29.89,"option_type":"CE","prev_oi":2739620,"strike_price":26450,"symbol":"NSE:NIFTY26FEB26450CE","volume":13648115},{"ask":890.6,"bid":887.7,"fyToken":"101126022464955","ltp":890.3,"ltpch":-189.15,"ltpchp":-17.52,"oi":2040090,"oich":-49070,"oichp":-2.35,"option_type":"PE","prev_oi":2089160,"strike_price":26500,"symbol":"NSE:NIFTY26FEB26500PE","volume":195975},{"ask":3.95,"bid":3.9,"fyToken":"101126022464937","ltp":3.9,"ltpch":-2.6,"ltpchp":-40,"oi":13369005,"oich":1126605,"oichp":9.2,"option_type":"CE","prev_oi":12242400,"strike_price":26500,"symbol":"NSE:NIFTY26FEB26500CE","volume":36930075},{"ask":942.65,"bid":935.35,"fyToken":"101126022464957","ltp":930.5,"ltpch":-188.75,"ltpchp":-16.86,"oi":9555,"oich":0,"oichp":0,"option_type":"PE","prev_oi":9555,"strike_price":26550,"symbol":"NSE:NIFTY26FEB26550PE","volume":130},{"ask":3.4,"bid":3.35,"fyToken":"101126022464956","ltp":3.35,"ltpch":-2.6,"ltpchp":-43.7,"oi":2311465,"oich":89115,"oichp":4.01,"option_type":"CE","prev_oi":2222350,"strike_price":26550,"symbol":"NSE:NIFTY26FEB26550CE","volume":9071855},{"ask":991.9,"bid":986.6,"fyToken":"101126022464960","ltp":981.25,"ltpch":-177.55,"ltpchp":-15.32,"oi":328445,"oich":-845,"oichp":-0.26,"option_type":"PE","prev_oi":329290,"strike_price":26600,"symbol":"NSE:NIFTY26FEB26600PE","volume":4550},{"ask":3.1,"bid":3.05,"fyToken":"101126022464958","ltp":3.1,"ltpch":-2.35,"ltpchp":-43.12,"oi":5033145,"oich":-14235,"oichp":-0.28,"option_type":"CE","prev_oi":5047380,"strike_price":26600,"symbol":"NSE:NIFTY26FEB26600CE","volume":14720550},{"ask":1061.65,"bid":994.35,"fyToken":"101126022464966","ltp":840.5,"ltpch":0,"ltpchp":0,"oi":845,"oich":0,"oichp":0,"option_type":"PE","prev_oi":845,"strike_price":26650,"symbol":"NSE:NIFTY26FEB26650PE","volume":0},{"ask":2.75,"bid":2.7,"fyToken":"101126022464961","ltp":2.75,"ltpch":-2.4,"ltpchp":-46.6,"oi":1529970,"oich":-23010,"oichp":-1.48,"option_type":"CE","prev_oi":1552980,"strike_price":26650,"symbol":"NSE:NIFTY26FEB26650CE","volume":4887155},{"ask":1090.9,"bid":1084.1,"fyToken":"101126022464988","ltp":1060,"ltpch":-161,"ltpchp":-13.19,"oi":134225,"oich":-1625,"oichp":-1.2,"option_type":"PE","prev_oi":135850,"strike_price":26700,"symbol":"NSE:NIFTY26FEB26700PE","volume":4615},{"ask":2.35,"bid":2.3,"fyToken":"101126022464967","ltp":2.3,"ltpch":-2.35,"ltpchp":-50.54,"oi":5692115,"oich":-533785,"oichp":-8.57,"option_type":"CE","prev_oi":6225900,"strike_price":26700,"symbol":"NSE:NIFTY26FEB26700CE","volume":16087175},{"ask":1139.45,"bid":1093.15,"fyToken":"101126022465055","ltp":1319.95,"ltpch":-0.75,"ltpchp":-0.06,"oi":1430,"oich":65,"oichp":4.76,"option_type":"PE","prev_oi":1365,"strike_price":26750,"symbol":"NSE:NIFTY26FEB26750PE","volume":455},{"ask":2.2,"bid":2.15,"fyToken":"101126022464997","ltp":2.15,"ltpch":-2.3,"ltpchp":-51.69,"oi":978055,"oich":-331825,"oichp":-25.33,"option_type":"CE","prev_oi":1309880,"strike_price":26750,"symbol":"NSE:NIFTY26FEB26750CE","volume":4733170},{"ask":2,"bid":1.95,"fyToken":"101126022465056","ltp":2,"ltpch":-2.09,"ltpchp":-51.1,"oi":7454395,"oich":-1054565,"oichp":-12.39,"option_type":"CE","prev_oi":8508960,"strike_price":26800,"symbol":"NSE:NIFTY26FEB26800CE","volume":19440915},{"ask":1190.6,"bid":1182.7,"fyToken":"101126022465068","ltp":1191.2,"ltpch":-162.55,"ltpchp":-12.01,"oi":39585,"oich":-4095,"oichp":-9.38,"option_type":"PE","prev_oi":43680,"strike_price":26800,"symbol":"NSE:NIFTY26FEB26800PE","volume":6370},{"ask":1247.6,"bid":1189.4,"fyToken":"101126022465070","ltp":1229.55,"ltpch":0,"ltpchp":0,"oi":585,"oich":0,"oichp":0,"option_type":"PE","prev_oi":585,"strike_price":26850,"symbol":"NSE:NIFTY26FEB26850PE","volume":0},{"ask":1.9,"bid":1.85,"fyToken":"101126022465069","ltp":1.9,"ltpch":-2.05,"ltpchp":-51.9,"oi":1384175,"oich":183955,"oichp":15.33,"option_type":"CE","prev_oi":1200220,"strike_price":26850,"symbol":"NSE:NIFTY26FEB26850CE","volume":5175495},{"ask":1295.4,"bid":1240.95,"fyToken":"101126022465072","ltp":1320,"ltpch":-146.7,"ltpchp":-10,"oi":10595,"oich":-1235,"oichp":-10.44,"option_type":"PE","prev_oi":11830,"strike_price":26900,"symbol":"NSE:NIFTY26FEB26900PE","volume":2145},{"ask":1.75,"bid":1.7,"fyToken":"101126022465071","ltp":1.7,"ltpch":-1.9,"ltpchp":-52.78,"oi":3762395,"oich":-161065,"oichp":-4.11,"option_type":"CE","prev_oi":3923460,"strike_price":26900,"symbol":"NSE:NIFTY26FEB26900CE","volume":7232550},{"ask":1340.55,"bid":1329.95,"fyToken":"101126022465074","ltp":1360,"ltpch":-100,"ltpchp":-6.85,"oi":3445,"oich":-65,"oichp":-1.85,"option_type":"PE","prev_oi":3510,"strike_price":26950,"symbol":"NSE:NIFTY26FEB26950PE","volume":715},{"ask":1.7,"bid":1.65,"fyToken":"101126022465073","ltp":1.65,"ltpch":-1.85,"ltpchp":-52.86,"oi":819390,"oich":101205,"oichp":14.09,"option_type":"CE","prev_oi":718185,"strike_price":26950,"symbol":"NSE:NIFTY26FEB26950CE","volume":4124185},{"ask":1390.55,"bid":1385.7,"fyToken":"101126022465076","ltp":1395.8,"ltpch":-185.3,"ltpchp":-11.72,"oi":993915,"oich":-780,"oichp":-0.08,"option_type":"PE","prev_oi":994695,"strike_price":27000,"symbol":"NSE:NIFTY26FEB27000PE","volume":69160},{"ask":1.7,"bid":1.65,"fyToken":"101126022465075","ltp":1.7,"ltpch":-1.8,"ltpchp":-51.43,"oi":18953480,"oich":226980,"oichp":1.21,"option_type":"CE","prev_oi":18726500,"strike_price":27000,"symbol":"NSE:NIFTY26FEB27000CE","volume":31653895},{"ask":1444.45,"bid":1428.15,"fyToken":"101126022465078","ltp":1418.35,"ltpch":96.8,"ltpchp":7.32,"oi":260,"oich":0,"oichp":0,"option_type":"PE","prev_oi":260,"strike_price":27050,"symbol":"NSE:NIFTY26FEB27050PE","volume":130},{"ask":1.5,"bid":1.45,"fyToken":"101126022465077","ltp":1.5,"ltpch":-1.45,"ltpchp":-49.15,"oi":929565,"oich":22620,"oichp":2.49,"option_type":"CE","prev_oi":906945,"strike_price":27050,"symbol":"NSE:NIFTY26FEB27050CE","volume":2621905},{"ask":1502.15,"bid":1482.55,"fyToken":"101126022465080","ltp":1485,"ltpch":-40,"ltpchp":-2.62,"oi":10400,"oich":0,"oichp":0,"option_type":"PE","prev_oi":10400,"strike_price":27100,"symbol":"NSE:NIFTY26FEB27100PE","volume":130},{"ask":1.45,"bid":1.4,"fyToken":"101126022465079","ltp":1.45,"ltpch":-1.4,"ltpchp":-49.12,"oi":3578055,"oich":-56285,"oichp":-1.55,"option_type":"CE","prev_oi":3634340,"strike_price":27100,"symbol":"NSE:NIFTY26FEB27100CE","volume":5045625},{"ask":1554,"bid":1464.95,"fyToken":"101126022465082","ltp":1420.5,"ltpch":0,"ltpchp":0,"oi":195,"oich":0,"oichp":0,"option_type":"PE","prev_oi":195,"strike_price":27150,"symbol":"NSE:NIFTY26FEB27150PE","volume":0},{"ask":1.4,"bid":1.35,"fyToken":"101126022465081","ltp":1.4,"ltpch":-1.35,"ltpchp":-49.09,"oi":1225640,"oich":16960,"oichp":1.4,"option_type":"CE","prev_oi":1208680,"strike_price":27150,"symbol":"NSE:NIFTY26FEB27150CE","volume":2559180},{"ask":1588.55,"bid":1549.5,"fyToken":"101126022465084","ltp":1678.25,"ltpch":-118.5,"ltpchp":-6.6,"oi":40885,"oich":-65,"oichp":-0.16,"option_type":"PE","prev_oi":40950,"strike_price":27200,"symbol":"NSE:NIFTY26FEB27200PE","volume":130},{"ask":1.35,"bid":1.3,"fyToken":"101126022465083","ltp":1.35,"ltpch":-1.35,"ltpchp":-50,"oi":2860065,"oich":270665,"oichp":10.45,"option_type":"CE","prev_oi":2589400,"strike_price":27200,"symbol":"NSE:NIFTY26FEB27200CE","volume":8094450},{"ask":1651.95,"bid":1492.1,"fyToken":"101126022465086","ltp":1537.6,"ltpch":0,"ltpchp":0,"oi":390,"oich":0,"oichp":0,"option_type":"PE","prev_oi":390,"strike_price":27250,"symbol":"NSE:NIFTY26FEB27250PE","volume":0},{"ask":1.3,"bid":1.25,"fyToken":"101126022465085","ltp":1.25,"ltpch":-1.35,"ltpchp":-51.92,"oi":578175,"oich":143130,"oichp":32.9,"option_type":"CE","prev_oi":435045,"strike_price":27250,"symbol":"NSE:NIFTY26FEB27250CE","volume":1985490},{"ask":1688.85,"bid":1680.95,"fyToken":"101126022465090","ltp":1684,"ltpch":-68.9,"ltpchp":-3.93,"oi":8905,"oich":-130,"oichp":-1.44,"option_type":"PE","prev_oi":9035,"strike_price":27300,"symbol":"NSE:NIFTY26FEB27300PE","volume":195},{"ask":1.25,"bid":1.2,"fyToken":"101126022465089","ltp":1.25,"ltpch":-1.2,"ltpchp":-48.98,"oi":3924440,"oich":-135920,"oichp":-3.35,"option_type":"CE","prev_oi":4060360,"strike_price":27300,"symbol":"NSE:NIFTY26FEB27300CE","volume":4589195},{"ask":1773.95,"bid":1679.45,"fyToken":"101126022465092","ltp":1599.2,"ltpch":-1.8,"ltpchp":-0.11,"oi":4095,"oich":0,"oichp":0,"option_type":"PE","prev_oi":4095,"strike_price":27350,"symbol":"NSE:NIFTY26FEB27350PE","volume":0},{"ask":1.2,"bid":1.15,"fyToken":"101126022465091","ltp":1.2,"ltpch":-1.15,"ltpchp":-48.94,"oi":406315,"oich":117260,"oichp":40.57,"option_type":"CE","prev_oi":289055,"strike_price":27350,"symbol":"NSE:NIFTY26FEB27350CE","volume":1464125},{"ask":1800.45,"bid":1774.3,"fyToken":"101126022465094","ltp":1780,"ltpch":186,"ltpchp":11.67,"oi":1300,"oich":0,"oichp":0,"option_type":"PE","prev_oi":1300,"strike_price":27400,"symbol":"NSE:NIFTY26FEB27400PE","volume":390},{"ask":1.2,"bid":1.15,"fyToken":"101126022465093","ltp":1.2,"ltpch":-1.25,"ltpchp":-51.02,"oi":1702740,"oich":385190,"oichp":29.24,"option_type":"CE","prev_oi":1317550,"strike_price":27400,"symbol":"NSE:NIFTY26FEB27400CE","volume":4579250},{"ask":1850.4,"bid":1779.4,"fyToken":"101126022465096","ltp":1714.15,"ltpch":0,"ltpchp":0,"oi":195,"oich":0,"oichp":0,"option_type":"PE","prev_oi":195,"strike_price":27450,"symbol":"NSE:NIFTY26FEB27450PE","volume":0},{"ask":1.2,"bid":1.15,"fyToken":"101126022465095","ltp":1.15,"ltpch":-1.2,"ltpchp":-51.06,"oi":292305,"oich":183105,"oichp":167.68,"option_type":"CE","prev_oi":109200,"strike_price":27450,"symbol":"NSE:NIFTY26FEB27450CE","volume":1800630},{"ask":1888.5,"bid":1885,"fyToken":"101126022465098","ltp":1890,"ltpch":-186.75,"ltpchp":-8.99,"oi":371280,"oich":-33995,"oichp":-8.39,"option_type":"PE","prev_oi":405275,"strike_price":27500,"symbol":"NSE:NIFTY26FEB27500PE","volume":54860},{"ask":1.2,"bid":1.15,"fyToken":"101126022465097","ltp":1.2,"ltpch":-1.05,"ltpchp":-46.67,"oi":5424380,"oich":614700,"oichp":12.78,"option_type":"CE","prev_oi":4809680,"strike_price":27500,"symbol":"NSE:NIFTY26FEB27500CE","volume":12167285},{"ask":1949.9,"bid":1865.1,"fyToken":"101126022465102","ltp":1812.55,"ltpch":0,"ltpchp":0,"oi":650,"oich":0,"oichp":0,"option_type":"PE","prev_oi":650,"strike_price":27550,"symbol":"NSE:NIFTY26FEB27550PE","volume":0},{"ask":1.2,"bid":1.15,"fyToken":"101126022465101","ltp":1.2,"ltpch":-1,"ltpchp":-45.45,"oi":141310,"oich":17420,"oichp":14.06,"option_type":"CE","prev_oi":123890,"strike_price":27550,"symbol":"NSE:NIFTY26FEB27550CE","volume":1540435},{"ask":2004.95,"bid":1942.25,"fyToken":"101126022465104","ltp":1913,"ltpch":0,"ltpchp":0,"oi":2015,"oich":0,"oichp":0,"option_type":"PE","prev_oi":2015,"strike_price":27600,"symbol":"NSE:NIFTY26FEB27600PE","volume":0},{"ask":1.2,"bid":1.15,"fyToken":"101126022465103","ltp":1.2,"ltpch":-1.05,"ltpchp":-46.67,"oi":1089595,"oich":77735,"oichp":7.68,"option_type":"CE","prev_oi":1011860,"strike_price":27600,"symbol":"NSE:NIFTY26FEB27600CE","volume":3056300},{"ask":2050.1,"bid":1965.75,"fyToken":"101126022465106","ltp":1998.55,"ltpch":0,"ltpchp":0,"oi":2470,"oich":0,"oichp":0,"option_type":"PE","prev_oi":2470,"strike_price":27650,"symbol":"NSE:NIFTY26FEB27650PE","volume":0},{"ask":1.2,"bid":1.15,"fyToken":"101126022465105","ltp":1.15,"ltpch":-1,"ltpchp":-46.51,"oi":95225,"oich":25610,"oichp":36.79,"option_type":"CE","prev_oi":69615,"strike_price":27650,"symbol":"NSE:NIFTY26FEB27650CE","volume":1177605},{"ask":2091.7,"bid":2069.2,"fyToken":"101126022465108","ltp":2076.05,"ltpch":43.9,"ltpchp":2.16,"oi":6695,"oich":-520,"oichp":-7.21,"option_type":"PE","prev_oi":7215,"strike_price":27700,"symbol":"NSE:NIFTY26FEB27700PE","volume":1430},{"ask":1.15,"bid":1.1,"fyToken":"101126022465107","ltp":1.1,"ltpch":-1,"ltpchp":-47.62,"oi":872950,"oich":14820,"oichp":1.73,"option_type":"CE","prev_oi":858130,"strike_price":27700,"symbol":"NSE:NIFTY26FEB27700CE","volume":1055535},{"ask":2148.5,"bid":2062.7,"fyToken":"101126022465110","ltp":2339.2,"ltpch":98.1,"ltpchp":4.38,"oi":2015,"oich":0,"oichp":0,"option_type":"PE","prev_oi":2015,"strike_price":27750,"symbol":"NSE:NIFTY26FEB27750PE","volume":0},{"ask":1.15,"bid":1.1,"fyToken":"101126022465109","ltp":1.1,"ltpch":-0.94,"ltpchp":-46.08,"oi":93080,"oich":42575,"oichp":84.3,"option_type":"CE","prev_oi":50505,"strike_price":27750,"symbol":"NSE:NIFTY26FEB27750CE","volume":1121575},{"ask":2215.9,"bid":2145.6,"fyToken":"101126022465112","ltp":1980,"ltpch":0,"ltpchp":0,"oi":5200,"oich":0,"oichp":0,"option_type":"PE","prev_oi":5200,"strike_price":27800,"symbol":"NSE:NIFTY26FEB27800PE","volume":0},{"ask":1.15,"bid":1.1,"fyToken":"101126022465111","ltp":1.1,"ltpch":-0.94,"ltpchp":-46.08,"oi":839995,"oich":13260,"oichp":1.6,"option_type":"CE","prev_oi":826735,"strike_price":27800,"symbol":"NSE:NIFTY26FEB27800CE","volume":1239680},{"ask":2277.65,"bid":2177.8,"fyToken":"101126022465114","ltp":2099,"ltpch":-2.55,"ltpchp":-0.12,"oi":260,"oich":0,"oichp":0,"option_type":"PE","prev_oi":260,"strike_price":27850,"symbol":"NSE:NIFTY26FEB27850PE","volume":0},{"ask":1.1,"bid":1.05,"fyToken":"101126022465113","ltp":1.05,"ltpch":-0.8,"ltpchp":-43.24,"oi":96720,"oich":4810,"oichp":5.23,"option_type":"CE","prev_oi":91910,"strike_price":27850,"symbol":"NSE:NIFTY26FEB27850CE","volume":389675},{"ask":2298.15,"bid":2245.5,"fyToken":"101126022465116","ltp":2280,"ltpch":-10.5,"ltpchp":-0.46,"oi":13910,"oich":-260,"oichp":-1.83,"option_type":"PE","prev_oi":14170,"strike_price":27900,"symbol":"NSE:NIFTY26FEB27900PE","volume":650},{"ask":1.15,"bid":1.1,"fyToken":"101126022465115","ltp":1.15,"ltpch":-0.8,"ltpchp":-41.03,"oi":859820,"oich":-48555,"oichp":-5.35,"option_type":"CE","prev_oi":908375,"strike_price":27900,"symbol":"NSE:NIFTY26FEB27900CE","volume":1839305},{"ask":2354.45,"bid":2204.05,"fyToken":"101126022465118","ltp":2311.5,"ltpch":0,"ltpchp":0,"oi":1690,"oich":0,"oichp":0,"option_type":"PE","prev_oi":1690,"strike_price":27950,"symbol":"NSE:NIFTY26FEB27950PE","volume":0},{"ask":1.1,"bid":1.05,"fyToken":"101126022465117","ltp":1.05,"ltpch":-0.7,"ltpchp":-40,"oi":124020,"oich":2470,"oichp":2.03,"option_type":"CE","prev_oi":121550,"strike_price":27950,"symbol":"NSE:NIFTY26FEB27950CE","volume":828750},{"ask":2388.4,"bid":2382.35,"fyToken":"101126022465120","ltp":2379.6,"ltpch":-164,"ltpchp":-6.45,"oi":336895,"oich":-15665,"oichp":-4.44,"option_type":"PE","prev_oi":352560,"strike_price":28000,"symbol":"NSE:NIFTY26FEB28000PE","volume":24635},{"ask":1.05,"bid":1,"fyToken":"101126022465119","ltp":1,"ltpch":-0.65,"ltpchp":-39.39,"oi":1866085,"oich":-19565,"oichp":-1.04,"option_type":"CE","prev_oi":1885650,"strike_price":28000,"symbol":"NSE:NIFTY26FEB28000CE","volume":2932410},{"ask":2454.25,"bid":2371.05,"fyToken":"101126022465122","ltp":2416.95,"ltpch":0.01,"ltpchp":0,"oi":325,"oich":0,"oichp":0,"option_type":"PE","prev_oi":325,"strike_price":28050,"symbol":"NSE:NIFTY26FEB28050PE","volume":0},{"ask":1.05,"bid":1,"fyToken":"101126022465121","ltp":1,"ltpch":-0.55,"ltpchp":-35.48,"oi":363090,"oich":38025,"oichp":11.7,"option_type":"CE","prev_oi":325065,"strike_price":28050,"symbol":"NSE:NIFTY26FEB28050CE","volume":1109810},{"ask":2532.05,"bid":2425.45,"fyToken":"101126022465126","ltp":2349.6,"ltpch":3.7,"ltpchp":0.16,"oi":1560,"oich":0,"oichp":0,"option_type":"PE","prev_oi":1560,"strike_price":28100,"symbol":"NSE:NIFTY26FEB28100PE","volume":0},{"ask":1,"bid":0.95,"fyToken":"101126022465123","ltp":0.95,"ltpch":-0.55,"ltpchp":-36.67,"oi":1438190,"oich":-148790,"oichp":-9.38,"option_type":"CE","prev_oi":1586980,"strike_price":28100,"symbol":"NSE:NIFTY26FEB28100CE","volume":3843905}],"putOi":213797350},"message":"","s":"ok"},"functionName":"getOptionChain"}
{"level":"debug","datetime":"2026-02-20T06:20:02.103Z","message":"HSM raw data","data":[{"iv":25593.85,"tvalue":1771568401,"cng":139.5,"nc":0.55,"name":"if","tk":"Nifty 50","e":"nse_cm"}],"functionName":"conversion"}
{"level":"debug","datetime":"2026-02-20T06:20:02.774Z","message":"HSM raw data","data":[{"iv":25592.95,"cng":138.6,"nc":0.54,"name":"if","tk":"Nifty 50","e":"nse_cm"}],"functionName":"conversion"}
{"level":"debug","datetime":"2026-02-20T06:20:02.978Z","message":"HSM raw data","data":[{"iv":25592.3,"tvalue":1771568402,"cng":137.95,"nc":0.54,"name":"if","tk":"Nifty 50","e":"nse_cm"}],"functionName":"conversion"}
{"level":"debug","datetime":"2026-02-20T06:20:04.254Z","message":"HSM raw data","data":[{"iv":25592.65,"tvalue":1771568403,"cng":138.3,"nc":0.54,"name":"if","tk":"Nifty 50","e":"nse_cm"}],"functionName":"conversion"}
{"level":"debug","datetime":"2026-02-20T06:20:05.335Z","message":"HSM raw data","data":[{"iv":25593.25,"tvalue":1771568404,"cng":138.9,"nc":0.55,"name":"if","tk":"Nifty 50","e":"nse_cm"}],"functionName":"conversion"}
{"level":"debug","datetime":"2026-02-20T06:20:06.187Z","message":"HSM raw data","data":[{"iv":25592.7,"tvalue":1771568405,"cng":138.35,"nc":0.54,"name":"if","tk":"Nifty 50","e":"nse_cm"}],"functionName":"conversion"}
{"level":"debug","datetime":"2026-02-20T06:20:06.611Z","message":"HSM raw data","data":[{"iv":25593.5,"cng":139.15,"nc":0.55,"name":"if","tk":"Nifty 50","e":"nse_cm"}],"functionName":"conversion"}
{"level":"debug","datetime":"2026-02-20T06:20:07.178Z","message":"HSM raw data","data":[{"iv":25593.1,"tvalue":1771568406,"cng":138.75,"nc":0.55,"name":"if","tk":"Nifty 50","e":"nse_cm"}],"functionName":"conversion"}
{"level":"debug","datetime":"2026-02-20T06:20:07.939Z","message":"HSM raw data","data":[{"iv":25592.45,"cng":138.1,"nc":0.54,"name":"if","tk":"Nifty 50","e":"nse_cm"}],"functionName":"conversion"}
{"level":"debug","datetime":"2026-02-20T06:20:08.618Z","message":"HSM raw data","data":[{"iv":25588.45,"tvalue":1771568407,"cng":134.1,"nc":0.53,"name":"if","tk":"Nifty 50","e":"nse_cm"}],"functionName":"conversion"}
{"level":"debug","datetime":"2026-02-20T06:20:09.050Z","message":"HSM raw data","data":[{"iv":25590.45,"tvalue":1771568408,"cng":136.1,"nc":0.53,"name":"if","tk":"Nifty 50","e":"nse_cm"}],"functionName":"conversion"}
{"level":"debug","datetime":"2026-02-20T06:20:09.885Z","message":"HSM raw data","data":[{"iv":25589.2,"cng":134.85,"nc":0.53,"name":"if","tk":"Nifty 50","e":"nse_cm"}],"functionName":"conversion"}
{"level":"debug","datetime":"2026-02-20T06:20:10.210Z","message":"HSM raw data","data":[{"iv":25589.45,"tvalue":1771568409,"cng":135.1,"nc":0.53,"name":"if","tk":"Nifty 50","e":"nse_cm"}],"functionName":"conversion"}
{"level":"debug","datetime":"2026-02-20T06:20:10.646Z","message":"HSM raw data","data":[{"iv":25589.8,"cng":135.45,"nc":0.53,"name":"if","tk":"Nifty 50","e":"nse_cm"}],"functionName":"conversion"}
{"level":"debug","datetime":"2026-02-20T06:20:11.378Z","message":"HSM raw data","data":[{"iv":25591,"tvalue":1771568410,"cng":136.65,"nc":0.54,"name":"if","tk":"Nifty 50","e":"nse_cm"}],"functionName":"conversion"}
{"level":"debug","datetime":"2026-02-20T06:20:12.401Z","message":"HSM raw data","data":[{"iv":25590.65,"tvalue":1771568411,"cng":136.3,"nc":0.54,"name":"if","tk":"Nifty 50","e":"nse_cm"}],"functionName":"conversion"}
{"level":"debug","datetime":"2026-02-20T06:20:12.808Z","message":"HSM raw data","data":[{"iv":25590.05,"cng":135.7,"nc":0.53,"name":"if","tk":"Nifty 50","e":"nse_cm"}],"functionName":"conversion"}
{"level":"debug","datetime":"2026-02-20T06:20:13.076Z","message":"HSM raw data","data":[{"iv":25589.8,"tvalue":1771568412,"cng":135.45,"nc":0.53,"name":"if","tk":"Nifty 50","e":"nse_cm"}],"functionName":"conversion"}
{"level":"debug","datetime":"2026-02-20T06:20:14.078Z","message":"HSM raw data","data":[{"iv":25589.7,"cng":135.35,"nc":0.53,"name":"if","tk":"Nifty 50","e":"nse_cm"}],"functionName":"conversion"}
{"level":"debug","datetime":"2026-02-20T06:20:14.257Z","message":"HSM raw data","data":[{"iv":25589.6,"tvalue":1771568413,"cng":135.25,"nc":0.53,"name":"if","tk":"Nifty 50","e":"nse_cm"}],"functionName":"conversion"}
{"level":"debug","datetime":"2026-02-20T06:20:14.354Z","message":"getOptionChain response","data":{"code":200,"data":{"callOi":247037700,"expiryData":[{"date":"24-02-2026","expiry":"1771927200"},{"date":"02-03-2026","expiry":"1772445600"},{"date":"10-03-2026","expiry":"1773136800"},{"date":"17-03-2026","expiry":"1773741600"},{"date":"24-03-2026","expiry":"1774346400"},{"date":"30-03-2026","expiry":"1774864800"},{"date":"28-04-2026","expiry":"1777370400"},{"date":"30-06-2026","expiry":"1782813600"},{"date":"29-09-2026","expiry":"1790676000"},{"date":"29-12-2026","expiry":"1798538400"},{"date":"29-06-2027","expiry":"1814263200"},{"date":"28-12-2027","expiry":"1829988000"},{"date":"27-06-2028","expiry":"1845712800"},{"date":"26-12-2028","expiry":"1861437600"},{"date":"26-06-2029","expiry":"1877162400"},{"date":"24-12-2029","expiry":"1892800800"},{"date":"25-06-2030","expiry":"1908612000"},{"date":"31-12-2030","expiry":"1924941600"}],"indiavixData":{"ask":0,"bid":0,"description":"INDIAVIX-INDEX","ex_symbol":"INDIAVIX","exchange":"NSE","fyToken":"101000000026017","ltp":14.35,"ltpch":0.89,"ltpchp":6.61,"option_type":"","strike_price":-1,"symbol":"NSE:INDIAVIX-INDEX"},"optionsChain":[{"ask":0,"bid":0,"description":"NIFTY50-INDEX","ex_symbol":"NIFTY","exchange":"NSE","fp":25610,"fpch":164,"fpchp":0.64,"fyToken":"101000000026000","ltp":25589.35,"ltpch":135,"ltpchp":0.53,"option_type":"","strike_price":-1,"symbol":"NSE:NIFTY50-INDEX"},{"ask":108.85,"bid":108.65,"fyToken":"101126022464855","ltp":108.85,"ltpch":-74.85,"ltpchp":-40.75,"oi":6463015,"oich":5038795,"oichp":353.79,"option_type":"PE","prev_oi":1424220,"strike_price":25550,"symbol":"NSE:NIFTY26FEB25550PE","volume":81534895},{"ask":166.85,"bid":166.6,"fyToken":"101126022464854","ltp":166.8,"ltpch":67.15,"ltpchp":67.39,"oi":4225650,"oich":1453330,"oichp":52.42,"option_type":"CE","prev_oi":2772320,"strike_price":25550,"symbol":"NSE:NIFTY26FEB25550CE","volume":143488410},{"ask":137.9,"bid":137.85,"fyToken":"101126022464856","ltp":137.75,"ltpch":57.85,"ltpchp":72.4,"oi":13094445,"oich":1695345,"oichp":14.87,"option_type":"CE","prev_oi":11399100,"strike_price":25600,"symbol":"NSE:NIFTY26FEB25600CE","volume":242429850},{"ask":129.35,"bid":129.1,"fyToken":"101126022464857","ltp":129.85,"ltpch":-89.85,"ltpchp":-40.9,"oi":10717720,"oich":6884340,"oichp":179.59,"option_type":"PE","prev_oi":3833380,"strike_price":25600,"symbol":"NSE:NIFTY26FEB25600PE","volume":96588180},{"ask":154.15,"bid":153.9,"fyToken":"101126022464859","ltp":153.7,"ltpch":-97.6,"ltpchp":-38.84,"oi":2561260,"oich":1618370,"oichp":171.64,"option_type":"PE","prev_oi":942890,"strike_price":25650,"symbol":"NSE:NIFTY26FEB25650PE","volume":22453925},{"ask":112.25,"bid":112.15,"fyToken":"101126022464858","ltp":112.3,"ltpch":47.1,"ltpchp":72.24,"oi":6600035,"oich":2497495,"oichp":60.88,"option_type":"CE","prev_oi":4102540,"strike_price":25650,"symbol":"NSE:NIFTY26FEB25650CE","volume":118907425}],"putOi":213832645},"message":"","s":"ok"},"functionName":"getOptionChain"}
{"level":"debug","datetime":"2026-02-20T06:20:14.463Z","message":"getOptionChain response","data":{"code":200,"data":{"callOi":247037700,"expiryData":[{"date":"24-02-2026","expiry":"1771927200"},{"date":"02-03-2026","expiry":"1772445600"},{"date":"10-03-2026","expiry":"1773136800"},{"date":"17-03-2026","expiry":"1773741600"},{"date":"24-03-2026","expiry":"1774346400"},{"date":"30-03-2026","expiry":"1774864800"},{"date":"28-04-2026","expiry":"1777370400"},{"date":"30-06-2026","expiry":"1782813600"},{"date":"29-09-2026","expiry":"1790676000"},{"date":"29-12-2026","expiry":"1798538400"},{"date":"29-06-2027","expiry":"1814263200"},{"date":"28-12-2027","expiry":"1829988000"},{"date":"27-06-2028","expiry":"1845712800"},{"date":"26-12-2028","expiry":"1861437600"},{"date":"26-06-2029","expiry":"1877162400"},{"date":"24-12-2029","expiry":"1892800800"},{"date":"25-06-2030","expiry":"1908612000"},{"date":"31-12-2030","expiry":"1924941600"}],"indiavixData":{"ask":0,"bid":0,"description":"INDIAVIX-INDEX","ex_symbol":"INDIAVIX","exchange":"NSE","fyToken":"101000000026017","ltp":14.35,"ltpch":0.89,"ltpchp":6.61,"option_type":"","strike_price":-1,"symbol":"NSE:INDIAVIX-INDEX"},"optionsChain":[{"ask":0,"bid":0,"description":"NIFTY50-INDEX","ex_symbol":"NIFTY","exchange":"NSE","fp":25610,"fpch":164,"fpchp":0.64,"fyToken":"101000000026000","ltp":25589.35,"ltpch":135,"ltpchp":0.53,"option_type":"","strike_price":-1,"symbol":"NSE:NIFTY50-INDEX"},{"ask":3.2,"bid":3.15,"fyToken":"101126022464359","ltp":3.2,"ltpch":-0.15,"ltpchp":-4.48,"oi":7914335,"oich":2967835,"oichp":60,"option_type":"PE","prev_oi":4946500,"strike_price":23100,"symbol":"NSE:NIFTY26FEB23100PE","volume":13982930},{"ask":2576.75,"bid":2454.65,"fyToken":"101126022464358","ltp":2300,"ltpch":0,"ltpchp":0,"oi":390,"oich":0,"oichp":0,"option_type":"CE","prev_oi":390,"strike_price":23100,"symbol":"NSE:NIFTY26FEB23100CE","volume":0},{"ask":3.35,"bid":3.3,"fyToken":"101126022464361","ltp":3.3,"ltpch":-0.1,"ltpchp":-2.94,"oi":1001195,"oich":638040,"oichp":175.69,"option_type":"PE","prev_oi":363155,"strike_price":23150,"symbol":"NSE:NIFTY26FEB23150PE","volume":4187235},{"ask":2500,"bid":2446.5,"fyToken":"101126022464360","ltp":2450,"ltpch":-133.4,"ltpchp":-5.16,"oi":2925,"oich":0,"oichp":0,"option_type":"CE","prev_oi":2925,"strike_price":23150,"symbol":"NSE:NIFTY26FEB23150CE","volume":650},{"ask":3.5,"bid":3.45,"fyToken":"101126022464363","ltp":3.5,"ltpch":-0.15,"ltpchp":-4.11,"oi":2366520,"oich":866000,"oichp":57.71,"option_type":"PE","prev_oi":1500520,"strike_price":23200,"symbol":"NSE:NIFTY26FEB23200PE","volume":5829265},{"ask":2464.85,"bid":2351.9,"fyToken":"101126022464362","ltp":2478.15,"ltpch":0,"ltpchp":0,"oi":325,"oich":0,"oichp":0,"option_type":"CE","prev_oi":325,"strike_price":23200,"symbol":"NSE:NIFTY26FEB23200CE","volume":0},{"ask":3.75,"bid":3.65,"fyToken":"101126022464365","ltp":3.7,"ltpch":0.1,"ltpchp":2.78,"oi":333775,"oich":195715,"oichp":141.76,"option_type":"PE","prev_oi":138060,"strike_price":23250,"symbol":"NSE:NIFTY26FEB23250PE","volume":1912235},{"ask":2429.7,"bid":2308.4,"fyToken":"101126022464364","ltp":2480.9,"ltpch":0,"ltpchp":0,"oi":130,"oich":0,"oichp":0,"option_type":"CE","prev_oi":130,"strike_price":23250,"symbol":"NSE:NIFTY26FEB23250CE","volume":0},{"ask":3.8,"bid":3.75,"fyToken":"101126022464367","ltp":3.75,"ltpch":0.2,"ltpchp":5.63,"oi":2157545,"oich":531825,"oichp":32.71,"option_type":"PE","prev_oi":1625720,"strike_price":23300,"symbol":"NSE:NIFTY26FEB23300PE","volume":4792060},{"ask":2321.55,"bid":2295,"fyToken":"101126022464366","ltp":2281.95,"ltpch":-148.05,"ltpchp":-6.09,"oi":2665,"oich":-65,"oichp":-2.38,"option_type":"CE","prev_oi":2730,"strike_price":23300,"symbol":"NSE:NIFTY26FEB23300CE","volume":195},{"ask":4.05,"bid":4,"fyToken":"101126022464369","ltp":4,"ltpch":0.2,"ltpchp":5.26,"oi":387530,"oich":193440,"oichp":99.67,"option_type":"PE","prev_oi":194090,"strike_price":23350,"symbol":"NSE:NIFTY26FEB23350PE","volume":2042430},{"ask":2330.2,"bid":2200.65,"fyToken":"101126022464368","ltp":2381.35,"ltpch":0,"ltpchp":0,"oi":130,"oich":0,"oichp":0,"option_type":"CE","prev_oi":130,"strike_price":23350,"symbol":"NSE:NIFTY26FEB23350CE","volume":0},{"ask":4.15,"bid":4.05,"fyToken":"101126022464371","ltp":4.1,"ltpch":0.3,"ltpchp":7.89,"oi":1604915,"oich":458895,"oichp":40.04,"option_type":"PE","prev_oi":1146020,"strike_price":23400,"symbol":"NSE:NIFTY26FEB23400PE","volume":6470295},{"ask":2264.7,"bid":2155.95,"fyToken":"101126022464370","ltp":2338.85,"ltpch":0,"ltpchp":0,"oi":1560,"oich":0,"oichp":0,"option_type":"CE","prev_oi":1560,"strike_price":23400,"symbol":"NSE:NIFTY26FEB23400CE","volume":0},{"ask":4.4,"bid":4.35,"fyToken":"101126022464375","ltp":4.35,"ltpch":0.35,"ltpchp":8.75,"oi":352235,"oich":221325,"oichp":169.07,"option_type":"PE","prev_oi":130910,"strike_price":23450,"symbol":"NSE:NIFTY26FEB23450PE","volume":2429375},{"ask":2230.45,"bid":2099.9,"fyToken":"101126022464374","ltp":2281.65,"ltpch":0,"ltpchp":0,"oi":195,"oich":0,"oichp":0,"option_type":"CE","prev_oi":195,"strike_price":23450,"symbol":"NSE:NIFTY26FEB23450CE","volume":0},{"ask":4.6,"bid":4.55,"fyToken":"101126022464377","ltp":4.6,"ltpch":0.65,"ltpchp":16.46,"oi":6410950,"oich":2014870,"oichp":45.83,"option_type":"PE","prev_oi":4396080,"strike_price":23500,"symbol":"NSE:NIFTY26FEB23500PE","volume":14361165},{"ask":2113.7,"bid":2110.45,"fyToken":"101126022464376","ltp":2118.45,"ltpch":169.45,"ltpchp":8.69,"oi":459875,"oich":-20410,"oichp":-4.25,"option_type":"CE","prev_oi":480285,"strike_price":23500,"symbol":"NSE:NIFTY26FEB23500CE","volume":31720},{"ask":4.85,"bid":4.75,"fyToken":"101126022464385","ltp":4.85,"ltpch":0.6,"ltpchp":14.12,"oi":305175,"oich":200395,"oichp":191.25,"option_type":"PE","prev_oi":104780,"strike_price":23550,"symbol":"NSE:NIFTY26FEB23550PE","volume":2115880},{"ask":2105.95,"bid":2000.4,"fyToken":"101126022464384","ltp":2187.95,"ltpch":-3.95,"ltpchp":-0.18,"oi":195,"oich":0,"oichp":0,"option_type":"CE","prev_oi":195,"strike_price":23550,"symbol":"NSE:NIFTY26FEB23550CE","volume":0},{"ask":5,"bid":4.95,"fyToken":"101126022464389","ltp":5,"ltpch":0.66,"ltpchp":15.21,"oi":859820,"oich":320125,"oichp":59.32,"option_type":"PE","prev_oi":539695,"strike_price":23600,"symbol":"NSE:NIFTY26FEB23600PE","volume":3900065},{"ask":2054.75,"bid":1960.7,"fyToken":"101126022464386","ltp":2082,"ltpch":0,"ltpchp":0,"oi":910,"oich":0,"oichp":0,"option_type":"CE","prev_oi":910,"strike_price":23600,"symbol":"NSE:NIFTY26FEB23600CE","volume":0},{"ask":5.25,"bid":5.2,"fyToken":"101126022464408","ltp":5.2,"ltpch":0.65,"ltpchp":14.29,"oi":238680,"oich":129090,"oichp":117.79,"option_type":"PE","prev_oi":109590,"strike_price":23650,"symbol":"NSE:NIFTY26FEB23650PE","volume":1809405},{"ask":1990.4,"bid":1917.35,"fyToken":"101126022464406","ltp":2075.3,"ltpch":0,"ltpchp":0,"oi":1495,"oich":0,"oichp":0,"option_type":"CE","prev_oi":1495,"strike_price":23650,"symbol":"NSE:NIFTY26FEB23650CE","volume":0},{"ask":5.45,"bid":5.4,"fyToken":"101126022464412","ltp":5.4,"ltpch":0.9,"ltpchp":20,"oi":1542710,"oich":989365,"oichp":178.8,"option_type":"PE","prev_oi":553345,"strike_price":23700,"symbol":"NSE:NIFTY26FEB23700PE","volume":6211595},{"ask":1928.8,"bid":1909.15,"fyToken":"101126022464411","ltp":1796.6,"ltpch":-104,"ltpchp":-5.47,"oi":1430,"oich":0,"oichp":0,"option_type":"CE","prev_oi":1430,"strike_price":23700,"symbol":"NSE:NIFTY26FEB23700CE","volume":65},{"ask":5.75,"bid":5.65,"fyToken":"101126022464612","ltp":5.75,"ltpch":0.7,"ltpchp":13.86,"oi":423735,"oich":135265,"oichp":46.89,"option_type":"PE","prev_oi":288470,"strike_price":23750,"symbol":"NSE:NIFTY26FEB23750PE","volume":2787265},{"ask":1868.2,"bid":1857.4,"fyToken":"101126022464448","ltp":1873.95,"ltpch":-111.1,"ltpchp":-5.6,"oi":11765,"oich":-2730,"oichp":-18.83,"option_type":"CE","prev_oi":14495,"strike_price":23750,"symbol":"NSE:NIFTY26FEB23750CE","volume":3965},{"ask":5.9,"bid":5.85,"fyToken":"101126022464620","ltp":5.85,"ltpch":0.85,"ltpchp":17,"oi":2690415,"oich":1096035,"oichp":68.74,"option_type":"PE","prev_oi":1594380,"strike_price":23800,"symbol":"NSE:NIFTY26FEB23800PE","volume":8538725},{"ask":1861,"bid":1810.5,"fyToken":"101126022464619","ltp":1669.8,"ltpch":11.35,"ltpchp":0.68,"oi":5915,"oich":-65,"oichp":-1.09,"option_type":"CE","prev_oi":5980,"strike_price":23800,"symbol":"NSE:NIFTY26FEB23800CE","volume":195},{"ask":6.3,"bid":6.25,"fyToken":"101126022464663","ltp":6.25,"ltpch":0.95,"ltpchp":17.92,"oi":317135,"oich":166790,"oichp":110.94,"option_type":"PE","prev_oi":150345,"strike_price":23850,"symbol":"NSE:NIFTY26FEB23850PE","volume":3254420},{"ask":1791.75,"bid":1723.35,"fyToken":"101126022464624","ltp":1884,"ltpch":0,"ltpchp":0,"oi":1820,"oich":0,"oichp":0,"option_type":"CE","prev_oi":1820,"strike_price":23850,"symbol":"NSE:NIFTY26FEB23850CE","volume":0},{"ask":6.6,"bid":6.55,"fyToken":"101126022464719","ltp":6.55,"ltpch":1.15,"ltpchp":21.3,"oi":1715025,"oich":872105,"oichp":103.46,"option_type":"PE","prev_oi":842920,"strike_price":23900,"symbol":"NSE:NIFTY26FEB23900PE","volume":6919120},{"ask":1741.1,"bid":1706.1,"fyToken":"101126022464664","ltp":1624.65,"ltpch":-110.25,"ltpchp":-6.35,"oi":6500,"oich":130,"oichp":2.04,"option_type":"CE","prev_oi":6370,"strike_price":23900,"symbol":"NSE:NIFTY26FEB23900CE","volume":195},{"ask":6.85,"bid":6.8,"fyToken":"101126022464760","ltp":6.8,"ltpch":1.2,"ltpchp":21.43,"oi":430950,"oich":118755,"oichp":38.04,"option_type":"PE","prev_oi":312195,"strike_price":23950,"symbol":"NSE:NIFTY26FEB23950PE","volume":2868645},{"ask":1695.15,"bid":1636,"fyToken":"101126022464720","ltp":1788.45,"ltpch":0,"ltpchp":0,"oi":585,"oich":0,"oichp":0,"option_type":"CE","prev_oi":585,"strike_price":23950,"symbol":"NSE:NIFTY26FEB23950CE","volume":0},{"ask":7.2,"bid":7.15,"fyToken":"101126022464785","ltp":7.15,"ltpch":1.05,"ltpchp":17.21,"oi":11766690,"oich":2685610,"oichp":29.57,"option_type":"PE","prev_oi":9081080,"strike_price":24000,"symbol":"NSE:NIFTY26FEB24000PE","volume":25057695},{"ask":1618.55,"bid":1614,"fyToken":"101126022464784","ltp":1617.7,"ltpch":139.2,"ltpchp":9.41,"oi":605215,"oich":-75335,"oichp":-11.07,"option_type":"CE","prev_oi":680550,"strike_price":24000,"symbol":"NSE:NIFTY26FEB24000CE","volume":133705},{"ask":7.55,"bid":7.5,"fyToken":"101126022464791","ltp":7.55,"ltpch":1.45,"ltpchp":23.77,"oi":422110,"oich":175630,"oichp":71.26,"option_type":"PE","prev_oi":246480,"strike_price":24050,"symbol":"NSE:NIFTY26FEB24050PE","volume":2802280},{"ask":1607.6,"bid":1531.55,"fyToken":"101126022464790","ltp":1685.55,"ltpch":0,"ltpchp":0,"oi":390,"oich":0,"oichp":0,"option_type":"CE","prev_oi":390,"strike_price":24050,"symbol":"NSE:NIFTY26FEB24050CE","volume":0},{"ask":7.85,"bid":7.8,"fyToken":"101126022464793","ltp":7.8,"ltpch":1.3,"ltpchp":20,"oi":1512680,"oich":521365,"oichp":52.59,"option_type":"PE","prev_oi":991315,"strike_price":24100,"symbol":"NSE:NIFTY26FEB24100PE","volume":6814275},{"ask":1532.2,"bid":1511.3,"fyToken":"101126022464792","ltp":1408.3,"ltpch":-111.7,"ltpchp":-7.35,"oi":7215,"oich":0,"oichp":0,"option_type":"CE","prev_oi":7215,"strike_price":24100,"symbol":"NSE:NIFTY26FEB24100CE","volume":325},{"ask":8.3,"bid":8.2,"fyToken":"101126022464795","ltp":8.2,"ltpch":1.5,"ltpchp":22.39,"oi":455975,"oich":273195,"oichp":149.47,"option_type":"PE","prev_oi":182780,"strike_price":24150,"symbol":"NSE:NIFTY26FEB24150PE","volume":3124615},{"ask":1509.15,"bid":1447.7,"fyToken":"101126022464794","ltp":1591.6,"ltpch":0,"ltpchp":0,"oi":2015,"oich":0,"oichp":0,"option_type":"CE","prev_oi":2015,"strike_price":24150,"symbol":"NSE:NIFTY26FEB24150CE","volume":0},{"ask":8.7,"bid":8.65,"fyToken":"101126022464797","ltp":8.7,"ltpch":1.4,"ltpchp":19.18,"oi":3080870,"oich":1267630,"oichp":69.91,"option_type":"PE","prev_oi":1813240,"strike_price":24200,"symbol":"NSE:NIFTY26FEB24200PE","volume":13220675},{"ask":1422.6,"bid":1397.5,"fyToken":"101126022464796","ltp":1429,"ltpch":214.55,"ltpchp":17.67,"oi":9360,"oich":-520,"oichp":-5.26,"option_type":"CE","prev_oi":9880,"strike_price":24200,"symbol":"NSE:NIFTY26FEB24200CE","volume":650},{"ask":9.2,"bid":9.1,"fyToken":"101126022464799","ltp":9.1,"ltpch":1.75,"ltpchp":23.81,"oi":1329445,"oich":952510,"oichp":252.7,"option_type":"PE","prev_oi":376935,"strike_price":24250,"symbol":"NSE:NIFTY26FEB24250PE","volume":6076590},{"ask":1393.25,"bid":1365.2,"fyToken":"101126022464798","ltp":1266.05,"ltpch":-98.45,"ltpchp":-7.22,"oi":780,"oich":0,"oichp":0,"option_type":"CE","prev_oi":780,"strike_price":24250,"symbol":"NSE:NIFTY26FEB24250CE","volume":975},{"ask":9.55,"bid":9.45,"fyToken":"101126022464801","ltp":9.5,"ltpch":1.45,"ltpchp":18.01,"oi":2548130,"oich":710710,"oichp":38.68,"option_type":"PE","prev_oi":1837420,"strike_price":24300,"symbol":"NSE:NIFTY26FEB24300PE","volume":12319645},{"ask":1320.45,"bid":1314.35,"fyToken":"101126022464800","ltp":1330.3,"ltpch":146.55,"ltpchp":12.38,"oi":10725,"oich":-130,"oichp":-1.2,"option_type":"CE","prev_oi":10855,"strike_price":24300,"symbol":"NSE:NIFTY26FEB24300CE","volume":1495},{"ask":10.1,"bid":10,"fyToken":"101126022464803","ltp":10.1,"ltpch":1.5,"ltpchp":17.44,"oi":1094145,"oich":818805,"oichp":297.38,"option_type":"PE","prev_oi":275340,"strike_price":24350,"symbol":"NSE:NIFTY26FEB24350PE","volume":6419270},{"ask":1309.6,"bid":1244.75,"fyToken":"101126022464802","ltp":1377.7,"ltpch":0,"ltpchp":0,"oi":3705,"oich":0,"oichp":0,"option_type":"CE","prev_oi":3705,"strike_price":24350,"symbol":"NSE:NIFTY26FEB24350CE","volume":0},{"ask":10.5,"bid":10.45,"fyToken":"101126022464805","ltp":10.45,"ltpch":1.35,"ltpchp":14.84,"oi":2658955,"oich":1253915,"oichp":89.24,"option_type":"PE","prev_oi":1405040,"strike_price":24400,"symbol":"NSE:NIFTY26FEB24400PE","volume":13350025},{"ask":1223.1,"bid":1215.6,"fyToken":"101126022464804","ltp":1218.8,"ltpch":159.5,"ltpchp":15.06,"oi":12155,"oich":0,"oichp":0,"option_type":"CE","prev_oi":12155,"strike_price":24400,"symbol":"NSE:NIFTY26FEB24400CE","volume":1430},{"ask":11.1,"bid":11,"fyToken":"101126022464807","ltp":11.05,"ltpch":1,"ltpchp":9.95,"oi":1274325,"oich":804570,"oichp":171.27,"option_type":"PE","prev_oi":469755,"strike_price":24450,"symbol":"NSE:NIFTY26FEB24450PE","volume":7623980},{"ask":1175.55,"bid":1166,"fyToken":"101126022464806","ltp":1182.55,"ltpch":-114.15,"ltpchp":-8.8,"oi":7605,"oich":65,"oichp":0.86,"option_type":"CE","prev_oi":7540,"strike_price":24450,"symbol":"NSE:NIFTY26FEB24450CE","volume":455},{"ask":11.55,"bid":11.5,"fyToken":"101126022464809","ltp":11.55,"ltpch":0.9,"ltpchp":8.45,"oi":10253490,"oich":2103920,"oichp":25.82,"option_type":"PE","prev_oi":8149570,"strike_price":24500,"symbol":"NSE:NIFTY26FEB24500PE","volume":28281305},{"ask":1121.7,"bid":1116.75,"fyToken":"101126022464808","ltp":1125,"ltpch":175.35,"ltpchp":18.46,"oi":283270,"oich":-3315,"oichp":-1.16,"option_type":"CE","prev_oi":286585,"strike_price":24500,"symbol":"NSE:NIFTY26FEB24500CE","volume":80015},{"ask":12.25,"bid":12.2,"fyToken":"101126022464811","ltp":12.25,"ltpch":0.65,"ltpchp":5.6,"oi":2011035,"oich":1662440,"oichp":476.9,"option_type":"PE","prev_oi":348595,"strike_price":24550,"symbol":"NSE:NIFTY26FEB24550PE","volume":9638915},{"ask":1096.25,"bid":1050.1,"fyToken":"101126022464810","ltp":986.3,"ltpch":0,"ltpchp":0,"oi":12090,"oich":0,"oichp":0,"option_type":"CE","prev_oi":12090,"strike_price":24550,"symbol":"NSE:NIFTY26FEB24550CE","volume":0},{"ask":12.9,"bid":12.85,"fyToken":"101126022464813","ltp":12.8,"ltpch":0.15,"ltpchp":1.19,"oi":2947685,"oich":889465,"oichp":43.22,"option_type":"PE","prev_oi":2058220,"strike_price":24600,"symbol":"NSE:NIFTY26FEB24600PE","volume":13519935},{"ask":1022.95,"bid":1018.55,"fyToken":"101126022464812","ltp":1034.2,"ltpch":199.2,"ltpchp":23.86,"oi":32955,"oich":1040,"oichp":3.26,"option_type":"CE","prev_oi":31915,"strike_price":24600,"symbol":"NSE:NIFTY26FEB24600CE","volume":4615},{"ask":13.65,"bid":13.6,"fyToken":"101126022464815","ltp":13.65,"ltpch":0.1,"ltpchp":0.74,"oi":921440,"oich":399165,"oichp":76.43,"option_type":"PE","prev_oi":522275,"strike_price":24650,"symbol":"NSE:NIFTY26FEB24650PE","volume":6961760},{"ask":973.5,"bid":968.4,"fyToken":"101126022464814","ltp":984.5,"ltpch":107.1,"ltpchp":12.21,"oi":8775,"oich":1560,"oichp":21.62,"option_type":"CE","prev_oi":7215,"strike_price":24650,"symbol":"NSE:NIFTY26FEB24650CE","volume":7150},{"ask":14.4,"bid":14.35,"fyToken":"101126022464817","ltp":14.4,"ltpch":-1.1,"ltpchp":-7.1,"oi":4332055,"oich":523705,"oichp":13.75,"option_type":"PE","prev_oi":3808350,"strike_price":24700,"symbol":"NSE:NIFTY26FEB24700PE","volume":16038035},{"ask":925.25,"bid":921.65,"fyToken":"101126022464816","ltp":918.6,"ltpch":154.5,"ltpchp":20.22,"oi":44265,"oich":260,"oichp":0.59,"option_type":"CE","prev_oi":44005,"strike_price":24700,"symbol":"NSE:NIFTY26FEB24700CE","volume":17615},{"ask":15.3,"bid":15.25,"fyToken":"101126022464819","ltp":15.3,"ltpch":-2.05,"ltpchp":-11.82,"oi":1370525,"oich":495170,"oichp":56.57,"option_type":"PE","prev_oi":875355,"strike_price":24750,"symbol":"NSE:NIFTY26FEB24750PE","volume":7806500},{"ask":875.65,"bid":871.6,"fyToken":"101126022464818","ltp":886.4,"ltpch":184.35,"ltpchp":26.26,"oi":16380,"oich":-1950,"oichp":-10.64,"option_type":"CE","prev_oi":18330,"strike_price":24750,"symbol":"NSE:NIFTY26FEB24750CE","volume":9360},{"ask":16.2,"bid":16.15,"fyToken":"101126022464822","ltp":16.15,"ltpch":-2.99,"ltpchp":-15.62,"oi":7703410,"oich":1440400,"oichp":23,"option_type":"PE","prev_oi":6263010,"strike_price":24800,"symbol":"NSE:NIFTY26FEB24800PE","volume":24188840},{"ask":826,"bid":822.85,"fyToken":"101126022464821","ltp":835.55,"ltpch":184.6,"ltpchp":28.36,"oi":191360,"oich":-1235,"oichp":-0.64,"option_type":"CE","prev_oi":192595,"strike_price":24800,"symbol":"NSE:NIFTY26FEB24800CE","volume":61295},{"ask":17.6,"bid":17.55,"fyToken":"101126022464824","ltp":17.6,"ltpch":-5.1,"ltpchp":-22.47,"oi":1504945,"oich":386365,"oichp":34.54,"option_type":"PE","prev_oi":1118580,"strike_price":24850,"symbol":"NSE:NIFTY26FEB24850PE","volume":10221055},{"ask":776.85,"bid":774.25,"fyToken":"101126022464823","ltp":779.25,"ltpch":180.75,"ltpchp":30.2,"oi":24505,"oich":-325,"oichp":-1.31,"option_type":"CE","prev_oi":24830,"strike_price":24850,"symbol":"NSE:NIFTY26FEB24850CE","volume":37375},{"ask":19.05,"bid":18.95,"fyToken":"101126022464826","ltp":18.95,"ltpch":-6.6,"ltpchp":-25.83,"oi":3752580,"oich":657600,"oichp":21.25,"option_type":"PE","prev_oi":3094980,"strike_price":24900,"symbol":"NSE:NIFTY26FEB24900PE","volume":21388770},{"ask":728.55,"bid":725.65,"fyToken":"101126022464825","ltp":729.25,"ltpch":151.21,"ltpchp":26.16,"oi":426465,"oich":-3055,"oichp":-0.71,"option_type":"CE","prev_oi":429520,"strike_price":24900,"symbol":"NSE:NIFTY26FEB24900CE","volume":88725},{"ask":20.75,"bid":20.7,"fyToken":"101126022464828","ltp":20.75,"ltpch":-8.25,"ltpchp":-28.45,"oi":1530880,"oich":495620,"oichp":47.87,"option_type":"PE","prev_oi":1035260,"strike_price":24950,"symbol":"NSE:NIFTY26FEB24950PE","volume":15281435},{"ask":680.1,"bid":677,"fyToken":"101126022464827","ltp":690.9,"ltpch":163.3,"ltpchp":30.95,"oi":26650,"oich":6500,"oichp":32.26,"option_type":"CE","prev_oi":20150,"strike_price":24950,"symbol":"NSE:NIFTY26FEB24950CE","volume":55900},{"ask":22.8,"bid":22.7,"fyToken":"101126022464830","ltp":22.8,"ltpch":-11.55,"ltpchp":-33.62,"oi":11768055,"oich":1489955,"oichp":14.5,"option_type":"PE","prev_oi":10278100,"strike_price":25000,"symbol":"NSE:NIFTY26FEB25000PE","volume":68073005},{"ask":631.35,"bid":630.05,"fyToken":"101126022464829","ltp":632.55,"ltpch":157.15,"ltpchp":33.06,"oi":2050360,"oich":-163800,"oichp":-7.4,"option_type":"CE","prev_oi":2214160,"strike_price":25000,"symbol":"NSE:NIFTY26FEB25000CE","volume":2106520},{"ask":25,"bid":24.95,"fyToken":"101126022464832","ltp":25,"ltpch":-14.35,"ltpchp":-36.47,"oi":1834170,"oich":707910,"oichp":62.85,"option_type":"PE","prev_oi":1126260,"strike_price":25050,"symbol":"NSE:NIFTY26FEB25050PE","volume":20538960},{"ask":583.15,"bid":581.55,"fyToken":"101126022464831","ltp":584.8,"ltpch":143.7,"ltpchp":32.58,"oi":49985,"oich":4550,"oichp":10.01,"option_type":"CE","prev_oi":45435,"strike_price":25050,"symbol":"NSE:NIFTY26FEB25050CE","volume":149955},{"ask":27.8,"bid":27.7,"fyToken":"101126022464834","ltp":27.8,"ltpch":-17.15,"ltpchp":-38.15,"oi":4778800,"oich":426460,"oichp":9.8,"option_type":"PE","prev_oi":4352340,"strike_price":25100,"symbol":"NSE:NIFTY26FEB25100PE","volume":42651765},{"ask":535.85,"bid":534.65,"fyToken":"101126022464833","ltp":536,"ltpch":150,"ltpchp":38.86,"oi":353340,"oich":-24180,"oichp":-6.4,"option_type":"CE","prev_oi":377520,"strike_price":25100,"symbol":"NSE:NIFTY26FEB25100CE","volume":866515},{"ask":31.3,"bid":31.2,"fyToken":"101126022464836","ltp":31.2,"ltpch":-21.6,"ltpchp":-40.91,"oi":2609880,"oich":1195680,"oichp":84.55,"option_type":"PE","prev_oi":1414200,"strike_price":25150,"symbol":"NSE:NIFTY26FEB25150PE","volume":32800365},{"ask":489.2,"bid":488.1,"fyToken":"101126022464835","ltp":491.3,"ltpch":144.95,"ltpchp":41.85,"oi":64350,"oich":11570,"oichp":21.92,"option_type":"CE","prev_oi":52780,"strike_price":25150,"symbol":"NSE:NIFTY26FEB25150CE","volume":514085},{"ask":35.6,"bid":35.5,"fyToken":"101126022464838","ltp":35.6,"ltpch":-25.5,"ltpchp":-41.73,"oi":6384495,"oich":1645995,"oichp":34.74,"option_type":"PE","prev_oi":4738500,"strike_price":25200,"symbol":"NSE:NIFTY26FEB25200PE","volume":69367675},{"ask":443.6,"bid":442.7,"fyToken":"101126022464837","ltp":443.7,"ltpch":137.1,"ltpchp":44.72,"oi":989105,"oich":390,"oichp":0.04,"option_type":"CE","prev_oi":988715,"strike_price":25200,"symbol":"NSE:NIFTY26FEB25200CE","volume":4640545},{"ask":40.7,"bid":40.65,"fyToken":"101126022464840","ltp":40.7,"ltpch":-32.6,"ltpchp":-44.47,"oi":3539315,"oich":2192645,"oichp":162.82,"option_type":"PE","prev_oi":1346670,"strike_price":25250,"symbol":"NSE:NIFTY26FEB25250PE","volume":49352290},{"ask":398.85,"bid":398,"fyToken":"101126022464839","ltp":399.35,"ltpch":132.21,"ltpchp":49.49,"oi":214045,"oich":91455,"oichp":74.6,"option_type":"CE","prev_oi":122590,"strike_price":25250,"symbol":"NSE:NIFTY26FEB25250CE","volume":3145870},{"ask":47.2,"bid":47.15,"fyToken":"101126022464842","ltp":47.2,"ltpch":-38.65,"ltpchp":-45.02,"oi":8128120,"oich":4040980,"oichp":98.87,"option_type":"PE","prev_oi":4087140,"strike_price":25300,"symbol":"NSE:NIFTY26FEB25300PE","volume":106280590},{"ask":354.85,"bid":354.15,"fyToken":"101126022464841","ltp":355,"ltpch":122.95,"ltpchp":52.98,"oi":1410890,"oich":13260,"oichp":0.95,"option_type":"CE","prev_oi":1397630,"strike_price":25300,"symbol":"NSE:NIFTY26FEB25300CE","volume":19086275},{"ask":55.15,"bid":55.05,"fyToken":"101126022464844","ltp":55.15,"ltpch":-47.35,"ltpchp":-46.2,"oi":5142865,"oich":2997605,"oichp":139.73,"option_type":"PE","prev_oi":2145260,"strike_price":25350,"symbol":"NSE:NIFTY26FEB25350PE","volume":77433330},{"ask":312.8,"bid":312.15,"fyToken":"101126022464843","ltp":313.8,"ltpch":114.6,"ltpchp":57.53,"oi":494390,"oich":134940,"oichp":37.54,"option_type":"CE","prev_oi":359450,"strike_price":25350,"symbol":"NSE:NIFTY26FEB25350CE","volume":17927585},{"ask":272.75,"bid":272.15,"fyToken":"101126022464845","ltp":272.25,"ltpch":104.85,"ltpchp":62.63,"oi":2681445,"oich":-71115,"oichp":-2.58,"option_type":"CE","prev_oi":2752560,"strike_price":25400,"symbol":"NSE:NIFTY26FEB25400CE","volume":95274140},{"ask":65,"bid":64.85,"fyToken":"101126022464849","ltp":65,"ltpch":-56.9,"ltpchp":-46.68,"oi":12567230,"oich":6506310,"oichp":107.35,"option_type":"PE","prev_oi":6060920,"strike_price":25400,"symbol":"NSE:NIFTY26FEB25400PE","volume":190739965},{"ask":76.9,"bid":76.75,"fyToken":"101126022464851","ltp":76.9,"ltpch":-61.54,"ltpchp":-44.45,"oi":7891845,"oich":6061385,"oichp":331.14,"option_type":"PE","prev_oi":1830460,"strike_price":25450,"symbol":"NSE:NIFTY26FEB25450PE","volume":128647675},{"ask":234.6,"bid":234.35,"fyToken":"101126022464850","ltp":234.6,"ltpch":92.16,"ltpchp":64.7,"oi":2005705,"oich":-77215,"oichp":-3.71,"option_type":"CE","prev_oi":2082920,"strike_price":25450,"symbol":"NSE:NIFTY26FEB25450CE","volume":100127755},{"ask":91.45,"bid":91.3,"fyToken":"101126022464853","ltp":91.3,"ltpch":-67.89,"ltpchp":-42.65,"oi":15786745,"oich":10157095,"oichp":180.42,"option_type":"PE","prev_oi":5629650,"strike_price":25500,"symbol":"NSE:NIFTY26FEB25500PE","volume":193813295},{"ask":199.1,"bid":198.7,"fyToken":"101126022464852","ltp":198.6,"ltpch":77.3,"ltpchp":63.73,"oi":7934160,"oich":263960,"oichp":3.44,"option_type":"CE","prev_oi":7670200,"strike_price":25500,"symbol":"NSE:NIFTY26FEB25500CE","volume":220242100},{"ask":108.85,"bid":108.65,"fyToken":"101126022464855","ltp":108.9,"ltpch":-74.8,"ltpchp":-40.72,"oi":6463015,"oich":5038795,"oichp":353.79,"option_type":"PE","prev_oi":1424220,"strike_price":25550,"symbol":"NSE:NIFTY26FEB25550PE","volume":81534895},{"ask":166.85,"bid":166.6,"fyToken":"101126022464854","ltp":166.7,"ltpch":67.05,"ltpchp":67.29,"oi":4225650,"oich":1453330,"oichp":52.42,"option_type":"CE","prev_oi":2772320,"strike_price":25550,"symbol":"NSE:NIFTY26FEB25550CE","volume":143488410},{"ask":137.9,"bid":137.85,"fyToken":"101126022464856","ltp":137.75,"ltpch":57.85,"ltpchp":72.4,"oi":13094445,"oich":1695345,"oichp":14.87,"option_type":"CE","prev_oi":11399100,"strike_price":25600,"symbol":"NSE:NIFTY26FEB25600CE","volume":242429850},{"ask":129.35,"bid":129.1,"fyToken":"101126022464857","ltp":129.85,"ltpch":-89.85,"ltpchp":-40.9,"oi":10717720,"oich":6884340,"oichp":179.59,"option_type":"PE","prev_oi":3833380,"strike_price":25600,"symbol":"NSE:NIFTY26FEB25600PE","volume":96588180},{"ask":154.15,"bid":153.9,"fyToken":"101126022464859","ltp":153.7,"ltpch":-97.6,"ltpchp":-38.84,"oi":2561260,"oich":1618370,"oichp":171.64,"option_type":"PE","prev_oi":942890,"strike_price":25650,"symbol":"NSE:NIFTY26FEB25650PE","volume":22453925},{"ask":112.25,"bid":112.15,"fyToken":"101126022464858","ltp":112.3,"ltpch":47.1,"ltpchp":72.24,"oi":6600035,"oich":2497495,"oichp":60.88,"option_type":"CE","prev_oi":4102540,"strike_price":25650,"symbol":"NSE:NIFTY26FEB25650CE","volume":118907425},{"ask":182.2,"bid":182.05,"fyToken":"101126022464861","ltp":182.35,"ltpch":-112,"ltpchp":-38.05,"oi":4291950,"oich":957390,"oichp":28.71,"option_type":"PE","prev_oi":3334560,"strike_price":25700,"symbol":"NSE:NIFTY26FEB25700PE","volume":25032735},{"ask":90.3,"bid":90.1,"fyToken":"101126022464860","ltp":90.4,"ltpch":37.95,"ltpchp":72.35,"oi":14232855,"oich":1923855,"oichp":15.63,"option_type":"CE","prev_oi":12309000,"strike_price":25700,"symbol":"NSE:NIFTY26FEB25700CE","volume":174361980},{"ask":213.9,"bid":213.5,"fyToken":"101126022464863","ltp":213.45,"ltpch":-118.2,"ltpchp":-35.64,"oi":1267565,"oich":238615,"oichp":23.19,"option_type":"PE","prev_oi":1028950,"strike_price":25750,"symbol":"NSE:NIFTY26FEB25750PE","volume":5412030},{"ask":72,"bid":71.85,"fyToken":"101126022464862","ltp":72,"ltpch":28.95,"ltpchp":67.25,"oi":7141550,"oich":893170,"oichp":14.29,"option_type":"CE","prev_oi":6248380,"strike_price":25750,"symbol":"NSE:NIFTY26FEB25750CE","volume":89898705},{"ask":249,"bid":248.5,"fyToken":"101126022464865","ltp":248.65,"ltpch":-127.8,"ltpchp":-33.95,"oi":3045445,"oich":68765,"oichp":2.31,"option_type":"PE","prev_oi":2976680,"strike_price":25800,"symbol":"NSE:NIFTY26FEB25800PE","volume":9127300},{"ask":56.95,"bid":56.85,"fyToken":"101126022464864","ltp":56.85,"ltpch":21.4,"ltpchp":60.37,"oi":14356355,"oich":-343245,"oichp":-2.34,"option_type":"CE","prev_oi":14699600,"strike_price":25800,"symbol":"NSE:NIFTY26FEB25800CE","volume":129494105},{"ask":287.05,"bid":286.35,"fyToken":"101126022464867","ltp":287.05,"ltpch":-133.65,"ltpchp":-31.77,"oi":520000,"oich":-5265,"oichp":-1,"option_type":"PE","prev_oi":525265,"strike_price":25850,"symbol":"NSE:NIFTY26FEB25850PE","volume":1216020},{"ask":44.95,"bid":44.85,"fyToken":"101126022464866","ltp":44.8,"ltpch":15.15,"ltpchp":51.1,"oi":6820255,"oich":600335,"oichp":9.65,"option_type":"CE","prev_oi":6219920,"strike_price":25850,"symbol":"NSE:NIFTY26FEB25850CE","volume":64672790},{"ask":327.5,"bid":326.8,"fyToken":"101126022464869","ltp":327.45,"ltpch":-142.05,"ltpchp":-30.26,"oi":1278420,"oich":-104260,"oichp":-7.54,"option_type":"PE","prev_oi":1382680,"strike_price":25900,"symbol":"NSE:NIFTY26FEB25900PE","volume":3166670},{"ask":35.3,"bid":35.2,"fyToken":"101126022464868","ltp":35.15,"ltpch":10.5,"ltpchp":42.6,"oi":10075975,"oich":625695,"oichp":6.62,"option_type":"CE","prev_oi":9450280,"strike_price":25900,"symbol":"NSE:NIFTY26FEB25900CE","volume":83786105},{"ask":370,"bid":369.15,"fyToken":"101126022464871","ltp":369.05,"ltpch":-146.3,"ltpchp":-28.39,"oi":148850,"oich":-70525,"oichp":-32.15,"option_type":"PE","prev_oi":219375,"strike_price":25950,"symbol":"NSE:NIFTY26FEB25950PE","volume":426530},{"ask":27.85,"bid":27.8,"fyToken":"101126022464870","ltp":27.75,"ltpch":6.7,"ltpchp":31.83,"oi":4767945,"oich":950425,"oichp":24.9,"option_type":"CE","prev_oi":3817520,"strike_price":25950,"symbol":"NSE:NIFTY26FEB25950CE","volume":42951545},{"ask":22.05,"bid":22,"fyToken":"101126022464872","ltp":22,"ltpch":3.95,"ltpchp":21.88,"oi":16657420,"oich":1843420,"oichp":12.44,"option_type":"CE","prev_oi":14814000,"strike_price":26000,"symbol":"NSE:NIFTY26FEB26000CE","volume":91763880},{"ask":414.35,"bid":413.5,"fyToken":"101126022464873","ltp":413.15,"ltpch":-147.05,"ltpchp":-26.25,"oi":3083405,"oich":-30225,"oichp":-0.97,"option_type":"PE","prev_oi":3113630,"strike_price":26000,"symbol":"NSE:NIFTY26FEB26000PE","volume":2975440},{"ask":459.8,"bid":458.65,"fyToken":"101126022464875","ltp":454.6,"ltpch":-150.94,"ltpchp":-24.93,"oi":116610,"oich":-2795,"oichp":-2.34,"option_type":"PE","prev_oi":119405,"strike_price":26050,"symbol":"NSE:NIFTY26FEB26050PE","volume":109070},{"ask":17.6,"bid":17.5,"fyToken":"101126022464874","ltp":17.6,"ltpch":2.25,"ltpchp":14.66,"oi":3232580,"oich":391360,"oichp":13.77,"option_type":"CE","prev_oi":2841220,"strike_price":26050,"symbol":"NSE:NIFTY26FEB26050CE","volume":30384315},{"ask":506.5,"bid":505.25,"fyToken":"101126022464877","ltp":506.55,"ltpch":-179.15,"ltpchp":-26.13,"oi":505310,"oich":-164515,"oichp":-24.56,"option_type":"PE","prev_oi":669825,"strike_price":26100,"symbol":"NSE:NIFTY26FEB26100PE","volume":350545},{"ask":14.15,"bid":14.05,"fyToken":"101126022464876","ltp":14.15,"ltpch":0.5,"ltpchp":3.66,"oi":6930820,"oich":556270,"oichp":8.73,"option_type":"CE","prev_oi":6374550,"strike_price":26100,"symbol":"NSE:NIFTY26FEB26100CE","volume":40144975},{"ask":553.7,"bid":552,"fyToken":"101126022464879","ltp":548.95,"ltpch":-157.1,"ltpchp":-22.25,"oi":67210,"oich":-4615,"oichp":-6.43,"option_type":"PE","prev_oi":71825,"strike_price":26150,"symbol":"NSE:NIFTY26FEB26150PE","volume":52455},{"ask":11.55,"bid":11.5,"fyToken":"101126022464878","ltp":11.55,"ltpch":-0.75,"ltpchp":-6.1,"oi":2453945,"oich":33215,"oichp":1.37,"option_type":"CE","prev_oi":2420730,"strike_price":26150,"symbol":"NSE:NIFTY26FEB26150CE","volume":21449350},{"ask":601.65,"bid":600.3,"fyToken":"101126022464881","ltp":598.8,"ltpch":-167.1,"ltpchp":-21.82,"oi":483535,"oich":-59150,"oichp":-10.9,"option_type":"PE","prev_oi":542685,"strike_price":26200,"symbol":"NSE:NIFTY26FEB26200PE","volume":271115},{"ask":9.45,"bid":9.4,"fyToken":"101126022464880","ltp":9.45,"ltpch":-1.6,"ltpchp":-14.48,"oi":6216535,"oich":-749325,"oichp":-10.76,"option_type":"CE","prev_oi":6965860,"strike_price":26200,"symbol":"NSE:NIFTY26FEB26200CE","volume":30743375},{"ask":650.75,"bid":647.75,"fyToken":"101126022464901","ltp":640.95,"ltpch":-168.05,"ltpchp":-20.77,"oi":51285,"oich":-4225,"oichp":-7.61,"option_type":"PE","prev_oi":55510,"strike_price":26250,"symbol":"NSE:NIFTY26FEB26250PE","volume":19500},{"ask":7.85,"bid":7.8,"fyToken":"101126022464882","ltp":7.8,"ltpch":-2.45,"ltpchp":-23.9,"oi":3195010,"oich":-507970,"oichp":-13.72,"option_type":"CE","prev_oi":3702980,"strike_price":26250,"symbol":"NSE:NIFTY26FEB26250CE","volume":18536765},{"ask":698.8,"bid":696.6,"fyToken":"101126022464925","ltp":692.7,"ltpch":-157.25,"ltpchp":-18.5,"oi":442065,"oich":-22165,"oichp":-4.77,"option_type":"PE","prev_oi":464230,"strike_price":26300,"symbol":"NSE:NIFTY26FEB26300PE","volume":74100},{"ask":6.5,"bid":6.45,"fyToken":"101126022464907","ltp":6.55,"ltpch":-2.6,"ltpchp":-28.42,"oi":5874115,"oich":-399885,"oichp":-6.37,"option_type":"CE","prev_oi":6274000,"strike_price":26300,"symbol":"NSE:NIFTY26FEB26300CE","volume":23794030},{"ask":748.85,"bid":745.05,"fyToken":"101126022464928","ltp":741.2,"ltpch":-168.9,"ltpchp":-18.56,"oi":39325,"oich":-1430,"oichp":-3.51,"option_type":"PE","prev_oi":40755,"strike_price":26350,"symbol":"NSE:NIFTY26FEB26350PE","volume":5915},{"ask":5.6,"bid":5.55,"fyToken":"101126022464926","ltp":5.55,"ltpch":-2.85,"ltpchp":-33.93,"oi":1939470,"oich":140010,"oichp":7.78,"option_type":"CE","prev_oi":1799460,"strike_price":26350,"symbol":"NSE:NIFTY26FEB26350CE","volume":9859005},{"ask":800.15,"bid":795.8,"fyToken":"101126022464934","ltp":791.35,"ltpch":-173.45,"ltpchp":-17.98,"oi":402675,"oich":-1690,"oichp":-0.42,"option_type":"PE","prev_oi":404365,"strike_price":26400,"symbol":"NSE:NIFTY26FEB26400PE","volume":11895},{"ask":4.7,"bid":4.65,"fyToken":"101126022464931","ltp":4.7,"ltpch":-2.8,"ltpchp":-37.33,"oi":6743620,"oich":-361980,"oichp":-5.09,"option_type":"CE","prev_oi":7105600,"strike_price":26400,"symbol":"NSE:NIFTY26FEB26400CE","volume":19407960},{"ask":850.5,"bid":841.7,"fyToken":"101126022464936","ltp":836.85,"ltpch":-158.8,"ltpchp":-15.95,"oi":17030,"oich":-65,"oichp":-0.38,"option_type":"PE","prev_oi":17095,"strike_price":26450,"symbol":"NSE:NIFTY26FEB26450PE","volume":2340},{"ask":4.2,"bid":4.15,"fyToken":"101126022464935","ltp":4.15,"ltpch":-2.95,"ltpchp":-41.55,"oi":1920880,"oich":-818740,"oichp":-29.89,"option_type":"CE","prev_oi":2739620,"strike_price":26450,"symbol":"NSE:NIFTY26FEB26450CE","volume":13659815},{"ask":898,"bid":895.45,"fyToken":"101126022464955","ltp":894.85,"ltpch":-184.6,"ltpchp":-17.1,"oi":2040220,"oich":-48940,"oichp":-2.34,"option_type":"PE","prev_oi":2089160,"strike_price":26500,"symbol":"NSE:NIFTY26FEB26500PE","volume":196105},{"ask":3.95,"bid":3.9,"fyToken":"101126022464937","ltp":3.95,"ltpch":-2.55,"ltpchp":-39.23,"oi":13369005,"oich":1126605,"oichp":9.2,"option_type":"CE","prev_oi":12242400,"strike_price":26500,"symbol":"NSE:NIFTY26FEB26500CE","volume":36991240},{"ask":948.65,"bid":942.35,"fyToken":"101126022464957","ltp":930.5,"ltpch":-188.75,"ltpchp":-16.86,"oi":9555,"oich":0,"oichp":0,"option_type":"PE","prev_oi":9555,"strike_price":26550,"symbol":"NSE:NIFTY26FEB26550PE","volume":130},{"ask":3.4,"bid":3.35,"fyToken":"101126022464956","ltp":3.4,"ltpch":-2.55,"ltpchp":-42.86,"oi":2311465,"oich":89115,"oichp":4.01,"option_type":"CE","prev_oi":2222350,"strike_price":26550,"symbol":"NSE:NIFTY26FEB26550CE","volume":9080565},{"ask":998.75,"bid":993.9,"fyToken":"101126022464960","ltp":981.25,"ltpch":-177.55,"ltpchp":-15.32,"oi":328445,"oich":-845,"oichp":-0.26,"option_type":"PE","prev_oi":329290,"strike_price":26600,"symbol":"NSE:NIFTY26FEB26600PE","volume":4550},{"ask":3.1,"bid":3.05,"fyToken":"101126022464958","ltp":3.1,"ltpch":-2.35,"ltpchp":-43.12,"oi":5033145,"oich":-14235,"oichp":-0.28,"option_type":"CE","prev_oi":5047380,"strike_price":26600,"symbol":"NSE:NIFTY26FEB26600CE","volume":14723215},{"ask":1061.65,"bid":994.4,"fyToken":"101126022464966","ltp":840.5,"ltpch":0,"ltpchp":0,"oi":845,"oich":0,"oichp":0,"option_type":"PE","prev_oi":845,"strike_price":26650,"symbol":"NSE:NIFTY26FEB26650PE","volume":0},{"ask":2.75,"bid":2.7,"fyToken":"101126022464961","ltp":2.75,"ltpch":-2.4,"ltpchp":-46.6,"oi":1529970,"oich":-23010,"oichp":-1.48,"option_type":"CE","prev_oi":1552980,"strike_price":26650,"symbol":"NSE:NIFTY26FEB26650CE","volume":4887155},{"ask":1096.75,"bid":1091,"fyToken":"101126022464988","ltp":1060,"ltpch":-161,"ltpchp":-13.19,"oi":134225,"oich":-1625,"oichp":-1.2,"option_type":"PE","prev_oi":135850,"strike_price":26700,"symbol":"NSE:NIFTY26FEB26700PE","volume":4615},{"ask":2.4,"bid":2.35,"fyToken":"101126022464967","ltp":2.35,"ltpch":-2.3,"ltpchp":-49.46,"oi":5692115,"oich":-533785,"oichp":-8.57,"option_type":"CE","prev_oi":6225900,"strike_price":26700,"symbol":"NSE:NIFTY26FEB26700CE","volume":16131310},{"ask":1151.4,"bid":1093.3,"fyToken":"101126022465055","ltp":1319.95,"ltpch":-0.75,"ltpchp":-0.06,"oi":1430,"oich":65,"oichp":4.76,"option_type":"PE","prev_oi":1365,"strike_price":26750,"symbol":"NSE:NIFTY26FEB26750PE","volume":455},{"ask":2.2,"bid":2.15,"fyToken":"101126022464997","ltp":2.2,"ltpch":-2.25,"ltpchp":-50.56,"oi":974870,"oich":-335010,"oichp":-25.58,"option_type":"CE","prev_oi":1309880,"strike_price":26750,"symbol":"NSE:NIFTY26FEB26750CE","volume":4733365},{"ask":2,"bid":1.95,"fyToken":"101126022465056","ltp":2,"ltpch":-2.09,"ltpchp":-51.1,"oi":7454395,"oich":-1054565,"oichp":-12.39,"option_type":"CE","prev_oi":8508960,"strike_price":26800,"symbol":"NSE:NIFTY26FEB26800CE","volume":19441630},{"ask":1202.2,"bid":1187.25,"fyToken":"101126022465068","ltp":1191.2,"ltpch":-162.55,"ltpchp":-12.01,"oi":39585,"oich":-4095,"oichp":-9.38,"option_type":"PE","prev_oi":43680,"strike_price":26800,"symbol":"NSE:NIFTY26FEB26800PE","volume":6370},{"ask":1247.6,"bid":1190.2,"fyToken":"101126022465070","ltp":1229.55,"ltpch":0,"ltpchp":0,"oi":585,"oich":0,"oichp":0,"option_type":"PE","prev_oi":585,"strike_price":26850,"symbol":"NSE:NIFTY26FEB26850PE","volume":0},{"ask":1.9,"bid":1.85,"fyToken":"101126022465069","ltp":1.9,"ltpch":-2.05,"ltpchp":-51.9,"oi":1388855,"oich":188635,"oichp":15.72,"option_type":"CE","prev_oi":1200220,"strike_price":26850,"symbol":"NSE:NIFTY26FEB26850CE","volume":5175560},{"ask":1296.55,"bid":1243.15,"fyToken":"101126022465072","ltp":1320,"ltpch":-146.7,"ltpchp":-10,"oi":10595,"oich":-1235,"oichp":-10.44,"option_type":"PE","prev_oi":11830,"strike_price":26900,"symbol":"NSE:NIFTY26FEB26900PE","volume":2145},{"ask":1.75,"bid":1.7,"fyToken":"101126022465071","ltp":1.75,"ltpch":-1.85,"ltpchp":-51.39,"oi":3765515,"oich":-157945,"oichp":-4.03,"option_type":"CE","prev_oi":3923460,"strike_price":26900,"symbol":"NSE:NIFTY26FEB26900CE","volume":7232745},{"ask":1361,"bid":1330.05,"fyToken":"101126022465074","ltp":1360,"ltpch":-100,"ltpchp":-6.85,"oi":3445,"oich":-65,"oichp":-1.85,"option_type":"PE","prev_oi":3510,"strike_price":26950,"symbol":"NSE:NIFTY26FEB26950PE","volume":715},{"ask":1.7,"bid":1.65,"fyToken":"101126022465073","ltp":1.65,"ltpch":-1.85,"ltpchp":-52.86,"oi":811460,"oich":93275,"oichp":12.99,"option_type":"CE","prev_oi":718185,"strike_price":26950,"symbol":"NSE:NIFTY26FEB26950CE","volume":4124250},{"ask":1397.55,"bid":1392.75,"fyToken":"101126022465076","ltp":1395.8,"ltpch":-185.3,"ltpchp":-11.72,"oi":993915,"oich":-780,"oichp":-0.08,"option_type":"PE","prev_oi":994695,"strike_price":27000,"symbol":"NSE:NIFTY26FEB27000PE","volume":69160},{"ask":1.7,"bid":1.65,"fyToken":"101126022465075","ltp":1.65,"ltpch":-1.85,"ltpchp":-52.86,"oi":18953480,"oich":226980,"oichp":1.21,"option_type":"CE","prev_oi":18726500,"strike_price":27000,"symbol":"NSE:NIFTY26FEB27000CE","volume":31658445},{"ask":1444.25,"bid":1430.25,"fyToken":"101126022465078","ltp":1418.35,"ltpch":96.8,"ltpchp":7.32,"oi":260,"oich":0,"oichp":0,"option_type":"PE","prev_oi":260,"strike_price":27050,"symbol":"NSE:NIFTY26FEB27050PE","volume":130},{"ask":1.5,"bid":1.45,"fyToken":"101126022465077","ltp":1.5,"ltpch":-1.45,"ltpchp":-49.15,"oi":929565,"oich":22620,"oichp":2.49,"option_type":"CE","prev_oi":906945,"strike_price":27050,"symbol":"NSE:NIFTY26FEB27050CE","volume":2621905},{"ask":1503,"bid":1482.5,"fyToken":"101126022465080","ltp":1485,"ltpch":-40,"ltpchp":-2.62,"oi":10400,"oich":0,"oichp":0,"option_type":"PE","prev_oi":10400,"strike_price":27100,"symbol":"NSE:NIFTY26FEB27100PE","volume":130},{"ask":1.45,"bid":1.4,"fyToken":"101126022465079","ltp":1.45,"ltpch":-1.4,"ltpchp":-49.12,"oi":3578055,"oich":-56285,"oichp":-1.55,"option_type":"CE","prev_oi":3634340,"strike_price":27100,"symbol":"NSE:NIFTY26FEB27100CE","volume":5045690},{"ask":1553.9,"bid":1465.2,"fyToken":"101126022465082","ltp":1420.5,"ltpch":0,"ltpchp":0,"oi":195,"oich":0,"oichp":0,"option_type":"PE","prev_oi":195,"strike_price":27150,"symbol":"NSE:NIFTY26FEB27150PE","volume":0},{"ask":1.4,"bid":1.35,"fyToken":"101126022465081","ltp":1.4,"ltpch":-1.35,"ltpchp":-49.09,"oi":1225640,"oich":16960,"oichp":1.4,"option_type":"CE","prev_oi":1208680,"strike_price":27150,"symbol":"NSE:NIFTY26FEB27150CE","volume":2559180},{"ask":1595.05,"bid":1556.65,"fyToken":"101126022465084","ltp":1678.25,"ltpch":-118.5,"ltpchp":-6.6,"oi":40885,"oich":-65,"oichp":-0.16,"option_type":"PE","prev_oi":40950,"strike_price":27200,"symbol":"NSE:NIFTY26FEB27200PE","volume":130},{"ask":1.35,"bid":1.3,"fyToken":"101126022465083","ltp":1.35,"ltpch":-1.35,"ltpchp":-50,"oi":2860065,"oich":270665,"oichp":10.45,"option_type":"CE","prev_oi":2589400,"strike_price":27200,"symbol":"NSE:NIFTY26FEB27200CE","volume":8094450},{"ask":1651.6,"bid":1492.5,"fyToken":"101126022465086","ltp":1537.6,"ltpch":0,"ltpchp":0,"oi":390,"oich":0,"oichp":0,"option_type":"PE","prev_oi":390,"strike_price":27250,"symbol":"NSE:NIFTY26FEB27250PE","volume":0},{"ask":1.3,"bid":1.25,"fyToken":"101126022465085","ltp":1.25,"ltpch":-1.35,"ltpchp":-51.92,"oi":578175,"oich":143130,"oichp":32.9,"option_type":"CE","prev_oi":435045,"strike_price":27250,"symbol":"NSE:NIFTY26FEB27250CE","volume":1985490},{"ask":1694.05,"bid":1687.5,"fyToken":"101126022465090","ltp":1684,"ltpch":-68.9,"ltpchp":-3.93,"oi":8905,"oich":-130,"oichp":-1.44,"option_type":"PE","prev_oi":9035,"strike_price":27300,"symbol":"NSE:NIFTY26FEB27300PE","volume":195},{"ask":1.25,"bid":1.2,"fyToken":"101126022465089","ltp":1.25,"ltpch":-1.2,"ltpchp":-48.98,"oi":3924440,"oich":-135920,"oichp":-3.35,"option_type":"CE","prev_oi":4060360,"strike_price":27300,"symbol":"NSE:NIFTY26FEB27300CE","volume":4589195},{"ask":1773.85,"bid":1679.55,"fyToken":"101126022465092","ltp":1599.2,"ltpch":-1.8,"ltpchp":-0.11,"oi":4095,"oich":0,"oichp":0,"option_type":"PE","prev_oi":4095,"strike_price":27350,"symbol":"NSE:NIFTY26FEB27350PE","volume":0},{"ask":1.2,"bid":1.15,"fyToken":"101126022465091","ltp":1.2,"ltpch":-1.15,"ltpchp":-48.94,"oi":406315,"oich":117260,"oichp":40.57,"option_type":"CE","prev_oi":289055,"strike_price":27350,"symbol":"NSE:NIFTY26FEB27350CE","volume":1464190},{"ask":1800.35,"bid":1776.85,"fyToken":"101126022465094","ltp":1780,"ltpch":186,"ltpchp":11.67,"oi":1300,"oich":0,"oichp":0,"option_type":"PE","prev_oi":1300,"strike_price":27400,"symbol":"NSE:NIFTY26FEB27400PE","volume":390},{"ask":1.2,"bid":1.15,"fyToken":"101126022465093","ltp":1.2,"ltpch":-1.25,"ltpchp":-51.02,"oi":1702740,"oich":385190,"oichp":29.24,"option_type":"CE","prev_oi":1317550,"strike_price":27400,"symbol":"NSE:NIFTY26FEB27400CE","volume":4579250},{"ask":1850.25,"bid":1779.4,"fyToken":"101126022465096","ltp":1714.15,"ltpch":0,"ltpchp":0,"oi":195,"oich":0,"oichp":0,"option_type":"PE","prev_oi":195,"strike_price":27450,"symbol":"NSE:NIFTY26FEB27450PE","volume":0},{"ask":1.2,"bid":1.15,"fyToken":"101126022465095","ltp":1.15,"ltpch":-1.2,"ltpchp":-51.06,"oi":292305,"oich":183105,"oichp":167.68,"option_type":"CE","prev_oi":109200,"strike_price":27450,"symbol":"NSE:NIFTY26FEB27450CE","volume":1800630},{"ask":1894.8,"bid":1890.8,"fyToken":"101126022465098","ltp":1890,"ltpch":-186.75,"ltpchp":-8.99,"oi":371280,"oich":-33995,"oichp":-8.39,"option_type":"PE","prev_oi":405275,"strike_price":27500,"symbol":"NSE:NIFTY26FEB27500PE","volume":54860},{"ask":1.2,"bid":1.15,"fyToken":"101126022465097","ltp":1.2,"ltpch":-1.05,"ltpchp":-46.67,"oi":5424055,"oich":614375,"oichp":12.77,"option_type":"CE","prev_oi":4809680,"strike_price":27500,"symbol":"NSE:NIFTY26FEB27500CE","volume":12167285},{"ask":1949.7,"bid":1877.3,"fyToken":"101126022465102","ltp":1812.55,"ltpch":0,"ltpchp":0,"oi":650,"oich":0,"oichp":0,"option_type":"PE","prev_oi":650,"strike_price":27550,"symbol":"NSE:NIFTY26FEB27550PE","volume":0},{"ask":1.2,"bid":1.15,"fyToken":"101126022465101","ltp":1.2,"ltpch":-1,"ltpchp":-45.45,"oi":141310,"oich":17420,"oichp":14.06,"option_type":"CE","prev_oi":123890,"strike_price":27550,"symbol":"NSE:NIFTY26FEB27550CE","volume":1540435},{"ask":2004.9,"bid":1950.5,"fyToken":"101126022465104","ltp":1913,"ltpch":0,"ltpchp":0,"oi":2015,"oich":0,"oichp":0,"option_type":"PE","prev_oi":2015,"strike_price":27600,"symbol":"NSE:NIFTY26FEB27600PE","volume":0},{"ask":1.2,"bid":1.15,"fyToken":"101126022465103","ltp":1.2,"ltpch":-1.05,"ltpchp":-46.67,"oi":1089595,"oich":77735,"oichp":7.68,"option_type":"CE","prev_oi":1011860,"strike_price":27600,"symbol":"NSE:NIFTY26FEB27600CE","volume":3056300},{"ask":2050,"bid":1966.45,"fyToken":"101126022465106","ltp":1998.55,"ltpch":0,"ltpchp":0,"oi":2470,"oich":0,"oichp":0,"option_type":"PE","prev_oi":2470,"strike_price":27650,"symbol":"NSE:NIFTY26FEB27650PE","volume":0},{"ask":1.2,"bid":1.15,"fyToken":"101126022465105","ltp":1.15,"ltpch":-1,"ltpchp":-46.51,"oi":95225,"oich":25610,"oichp":36.79,"option_type":"CE","prev_oi":69615,"strike_price":27650,"symbol":"NSE:NIFTY26FEB27650CE","volume":1177605},{"ask":2091.4,"bid":2078.95,"fyToken":"101126022465108","ltp":2076.05,"ltpch":43.9,"ltpchp":2.16,"oi":6695,"oich":-520,"oichp":-7.21,"option_type":"PE","prev_oi":7215,"strike_price":27700,"symbol":"NSE:NIFTY26FEB27700PE","volume":1430},{"ask":1.15,"bid":1.1,"fyToken":"101126022465107","ltp":1.1,"ltpch":-1,"ltpchp":-47.62,"oi":872950,"oich":14820,"oichp":1.73,"option_type":"CE","prev_oi":858130,"strike_price":27700,"symbol":"NSE:NIFTY26FEB27700CE","volume":1055535},{"ask":2148.4,"bid":2062.9,"fyToken":"101126022465110","ltp":2339.2,"ltpch":98.1,"ltpchp":4.38,"oi":2015,"oich":0,"oichp":0,"option_type":"PE","prev_oi":2015,"strike_price":27750,"symbol":"NSE:NIFTY26FEB27750PE","volume":0},{"ask":1.15,"bid":1.1,"fyToken":"101126022465109","ltp":1.1,"ltpch":-0.94,"ltpchp":-46.08,"oi":93080,"oich":42575,"oichp":84.3,"option_type":"CE","prev_oi":50505,"strike_price":27750,"symbol":"NSE:NIFTY26FEB27750CE","volume":1121575},{"ask":2215.6,"bid":2152.05,"fyToken":"101126022465112","ltp":1980,"ltpch":0,"ltpchp":0,"oi":5200,"oich":0,"oichp":0,"option_type":"PE","prev_oi":5200,"strike_price":27800,"symbol":"NSE:NIFTY26FEB27800PE","volume":0},{"ask":1.15,"bid":1.1,"fyToken":"101126022465111","ltp":1.1,"ltpch":-0.94,"ltpchp":-46.08,"oi":839995,"oich":13260,"oichp":1.6,"option_type":"CE","prev_oi":826735,"strike_price":27800,"symbol":"NSE:NIFTY26FEB27800CE","volume":1241240},{"ask":2277.4,"bid":2178.1,"fyToken":"101126022465114","ltp":2099,"ltpch":-2.55,"ltpchp":-0.12,"oi":260,"oich":0,"oichp":0,"option_type":"PE","prev_oi":260,"strike_price":27850,"symbol":"NSE:NIFTY26FEB27850PE","volume":0},{"ask":1.1,"bid":1.05,"fyToken":"101126022465113","ltp":1.05,"ltpch":-0.8,"ltpchp":-43.24,"oi":96720,"oich":4810,"oichp":5.23,"option_type":"CE","prev_oi":91910,"strike_price":27850,"symbol":"NSE:NIFTY26FEB27850CE","volume":389675},{"ask":2298.15,"bid":2261.35,"fyToken":"101126022465116","ltp":2280,"ltpch":-10.5,"ltpchp":-0.46,"oi":13910,"oich":-260,"oichp":-1.83,"option_type":"PE","prev_oi":14170,"strike_price":27900,"symbol":"NSE:NIFTY26FEB27900PE","volume":650},{"ask":1.15,"bid":1.1,"fyToken":"101126022465115","ltp":1.15,"ltpch":-0.8,"ltpchp":-41.03,"oi":859820,"oich":-48555,"oichp":-5.35,"option_type":"CE","prev_oi":908375,"strike_price":27900,"symbol":"NSE:NIFTY26FEB27900CE","volume":1839305},{"ask":2353.85,"bid":2206.25,"fyToken":"101126022465118","ltp":2311.5,"ltpch":0,"ltpchp":0,"oi":1690,"oich":0,"oichp":0,"option_type":"PE","prev_oi":1690,"strike_price":27950,"symbol":"NSE:NIFTY26FEB27950PE","volume":0},{"ask":1.1,"bid":1.05,"fyToken":"101126022465117","ltp":1.05,"ltpch":-0.7,"ltpchp":-40,"oi":124020,"oich":2470,"oichp":2.03,"option_type":"CE","prev_oi":121550,"strike_price":27950,"symbol":"NSE:NIFTY26FEB27950CE","volume":828750},{"ask":2395.55,"bid":2389.8,"fyToken":"101126022465120","ltp":2379.6,"ltpch":-164,"ltpchp":-6.45,"oi":336895,"oich":-15665,"oichp":-4.44,"option_type":"PE","prev_oi":352560,"strike_price":28000,"symbol":"NSE:NIFTY26FEB28000PE","volume":24635},{"ask":1.05,"bid":1,"fyToken":"101126022465119","ltp":1,"ltpch":-0.65,"ltpchp":-39.39,"oi":1866085,"oich":-19565,"oichp":-1.04,"option_type":"CE","prev_oi":1885650,"strike_price":28000,"symbol":"NSE:NIFTY26FEB28000CE","volume":2932410},{"ask":2453.05,"bid":2372.15,"fyToken":"101126022465122","ltp":2416.95,"ltpch":0.01,"ltpchp":0,"oi":325,"oich":0,"oichp":0,"option_type":"PE","prev_oi":325,"strike_price":28050,"symbol":"NSE:NIFTY26FEB28050PE","volume":0},{"ask":1.05,"bid":1,"fyToken":"101126022465121","ltp":1,"ltpch":-0.55,"ltpchp":-35.48,"oi":363090,"oich":38025,"oichp":11.7,"option_type":"CE","prev_oi":325065,"strike_price":28050,"symbol":"NSE:NIFTY26FEB28050CE","volume":1109875},{"ask":2525.35,"bid":2434.15,"fyToken":"101126022465126","ltp":2349.6,"ltpch":3.7,"ltpchp":0.16,"oi":1560,"oich":0,"oichp":0,"option_type":"PE","prev_oi":1560,"strike_price":28100,"symbol":"NSE:NIFTY26FEB28100PE","volume":0},{"ask":1,"bid":0.95,"fyToken":"101126022465123","ltp":0.95,"ltpch":-0.55,"ltpchp":-36.67,"oi":1438255,"oich":-148725,"oichp":-9.37,"option_type":"CE","prev_oi":1586980,"strike_price":28100,"symbol":"NSE:NIFTY26FEB28100CE","volume":3843970}],"putOi":213832645},"message":"","s":"ok"},"functionName":"getOptionChain"}
{"level":"debug","datetime":"2026-02-20T06:20:14.755Z","message":"HSM raw data","data":[{"iv":25589,"cng":134.65,"nc":0.53,"name":"if","tk":"Nifty 50","e":"nse_cm"}],"functionName":"conversion"}
{"level":"debug","datetime":"2026-02-20T06:20:15.268Z","message":"HSM raw data","data":[{"iv":25589.35,"tvalue":1771568414,"cng":135,"nc":0.53,"name":"if","tk":"Nifty 50","e":"nse_cm"}],"functionName":"conversion"}
{"level":"debug","datetime":"2026-02-20T06:20:15.881Z","message":"HSM raw data","data":[{"iv":25589.5,"cng":135.15,"nc":0.53,"name":"if","tk":"Nifty 50","e":"nse_cm"}],"functionName":"conversion"}
{"level":"debug","datetime":"2026-02-20T06:20:16.306Z","message":"HSM raw data","data":[{"iv":25589.95,"tvalue":1771568415,"cng":135.6,"nc":0.53,"name":"if","tk":"Nifty 50","e":"nse_cm"}],"functionName":"conversion"}
{"level":"debug","datetime":"2026-02-20T06:20:16.666Z","message":"HSM raw data","data":[{"iv":25590.5,"cng":136.15,"nc":0.53,"name":"if","tk":"Nifty 50","e":"nse_cm"}],"functionName":"conversion"}
{"level":"debug","datetime":"2026-02-20T06:20:17.363Z","message":"HSM raw data","data":[{"iv":25589.35,"tvalue":1771568416,"cng":135,"nc":0.53,"name":"if","tk":"Nifty 50","e":"nse_cm"}],"functionName":"conversion"}
{"level":"debug","datetime":"2026-02-20T06:20:18.171Z","message":"HSM raw data","data":[{"iv":25588.45,"tvalue":1771568417,"cng":134.1,"nc":0.53,"name":"if","tk":"Nifty 50","e":"nse_cm"}],"functionName":"conversion"}
{"level":"debug","datetime":"2026-02-20T06:20:18.747Z","message":"HSM raw data","data":[{"iv":25589.45,"cng":135.1,"nc":0.53,"name":"if","tk":"Nifty 50","e":"nse_cm"}],"functionName":"conversion"}
{"level":"debug","datetime":"2026-02-20T06:20:19.140Z","message":"HSM raw data","data":[{"iv":25589.15,"tvalue":1771568418,"cng":134.8,"nc":0.53,"name":"if","tk":"Nifty 50","e":"nse_cm"}],"functionName":"conversion"}
{"level":"debug","datetime":"2026-02-20T06:20:19.875Z","message":"HSM raw data","data":[{"iv":25589.5,"cng":135.15,"nc":0.53,"name":"if","tk":"Nifty 50","e":"nse_cm"}],"functionName":"conversion"}
{"level":"debug","datetime":"2026-02-20T06:20:20.387Z","message":"HSM raw data","data":[{"iv":25589.45,"tvalue":1771568419,"cng":135.1,"nc":0.53,"name":"if","tk":"Nifty 50","e":"nse_cm"}],"functionName":"conversion"}
{"level":"debug","datetime":"2026-02-20T06:20:20.666Z","message":"HSM raw data","data":[{"iv":25589.75,"cng":135.4,"nc":0.53,"name":"if","tk":"Nifty 50","e":"nse_cm"}],"functionName":"conversion"}
{"level":"debug","datetime":"2026-02-20T06:20:21.104Z","message":"HSM raw data","data":[{"iv":25589.45,"tvalue":1771568420,"cng":135.1,"nc":0.53,"name":"if","tk":"Nifty 50","e":"nse_cm"}],"functionName":"conversion"}
{"level":"debug","datetime":"2026-02-20T06:20:21.739Z","message":"HSM raw data","data":[{"iv":25591.55,"cng":137.2,"nc":0.54,"name":"if","tk":"Nifty 50","e":"nse_cm"}],"functionName":"conversion"}
{"level":"debug","datetime":"2026-02-20T06:20:22.179Z","message":"HSM raw data","data":[{"iv":25591.8,"tvalue":1771568421,"cng":137.45,"nc":0.54,"name":"if","tk":"Nifty 50","e":"nse_cm"}],"functionName":"conversion"}
{"level":"debug","datetime":"2026-02-20T06:20:22.617Z","message":"HSM raw data","data":[{"iv":25590.9,"cng":136.55,"nc":0.54,"name":"if","tk":"Nifty 50","e":"nse_cm"}],"functionName":"conversion"}
{"level":"debug","datetime":"2026-02-20T06:20:23.067Z","message":"HSM raw data","data":[{"iv":25590.65,"tvalue":1771568422,"cng":136.3,"nc":0.54,"name":"if","tk":"Nifty 50","e":"nse_cm"}],"functionName":"conversion"}
{"level":"debug","datetime":"2026-02-20T06:20:23.664Z","message":"HSM raw data","data":[{"iv":25590.75,"cng":136.4,"nc":0.54,"name":"if","tk":"Nifty 50","e":"nse_cm"}],"functionName":"conversion"}
{"level":"debug","datetime":"2026-02-20T06:20:24.483Z","message":"HSM raw data","data":[{"iv":25590.45,"tvalue":1771568423,"cng":136.1,"nc":0.53,"name":"if","tk":"Nifty 50","e":"nse_cm"}],"functionName":"conversion"}
{"level":"debug","datetime":"2026-02-20T06:20:24.617Z","message":"HSM raw data","data":[{"iv":25590.25,"cng":135.9,"nc":0.53,"name":"if","tk":"Nifty 50","e":"nse_cm"}],"functionName":"conversion"}
{"level":"debug","datetime":"2026-02-20T06:20:25.061Z","message":"HSM raw data","data":[{"iv":25590.8,"tvalue":1771568424,"cng":136.45,"nc":0.54,"name":"if","tk":"Nifty 50","e":"nse_cm"}],"functionName":"conversion"}
{"level":"debug","datetime":"2026-02-20T06:20:25.511Z","message":"HSM raw data","data":[{"iv":25591,"cng":136.65,"nc":0.54,"name":"if","tk":"Nifty 50","e":"nse_cm"}],"functionName":"conversion"}
{"level":"debug","datetime":"2026-02-20T06:20:26.124Z","message":"HSM raw data","data":[{"iv":25591.1,"tvalue":1771568425,"cng":136.75,"nc":0.54,"name":"if","tk":"Nifty 50","e":"nse_cm"}],"functionName":"conversion"}
{"level":"debug","datetime":"2026-02-20T06:20:26.550Z","message":"HSM raw data","data":[{"iv":25592.05,"cng":137.7,"nc":0.54,"name":"if","tk":"Nifty 50","e":"nse_cm"}],"functionName":"conversion"}
{"level":"debug","datetime":"2026-02-20T06:20:27.042Z","message":"HSM raw data","data":[{"iv":25591.15,"tvalue":1771568426,"cng":136.8,"nc":0.54,"name":"if","tk":"Nifty 50","e":"nse_cm"}],"functionName":"conversion"}
{"level":"debug","datetime":"2026-02-20T06:20:27.865Z","message":"HSM raw data","data":[{"iv":25590.1,"tvalue":1771568427,"cng":135.75,"nc":0.53,"name":"if","tk":"Nifty 50","e":"nse_cm"}],"functionName":"conversion"}
{"level":"debug","datetime":"2026-02-20T06:20:28.601Z","message":"HSM raw data","data":[{"iv":25590.15,"cng":135.8,"nc":0.53,"name":"if","tk":"Nifty 50","e":"nse_cm"}],"functionName":"conversion"}
{"level":"debug","datetime":"2026-02-20T06:20:29.083Z","message":"HSM raw data","data":[{"iv":25589.75,"tvalue":1771568428,"cng":135.4,"nc":0.53,"name":"if","tk":"Nifty 50","e":"nse_cm"}],"functionName":"conversion"}
{"level":"debug","datetime":"2026-02-20T06:20:29.486Z","message":"HSM raw data","data":[{"iv":25589.6,"cng":135.25,"nc":0.53,"name":"if","tk":"Nifty 50","e":"nse_cm"}],"functionName":"conversion"}
{"level":"debug","datetime":"2026-02-20T06:20:30.229Z","message":"HSM raw data","data":[{"iv":25589.1,"tvalue":1771568429,"cng":134.75,"nc":0.53,"name":"if","tk":"Nifty 50","e":"nse_cm"}],"functionName":"conversion"}
{"level":"debug","datetime":"2026-02-20T06:20:30.634Z","message":"HSM raw data","data":[{"iv":25588.85,"cng":134.5,"nc":0.53,"name":"if","tk":"Nifty 50","e":"nse_cm"}],"functionName":"conversion"}
{"level":"debug","datetime":"2026-02-20T06:20:31.250Z","message":"HSM raw data","data":[{"iv":25589.1,"tvalue":1771568430,"cng":134.75,"nc":0.53,"name":"if","tk":"Nifty 50","e":"nse_cm"}],"functionName":"conversion"}
{"level":"debug","datetime":"2026-02-20T06:20:31.645Z","message":"HSM raw data","data":[{"iv":25590.95,"cng":136.6,"nc":0.54,"name":"if","tk":"Nifty 50","e":"nse_cm"}],"functionName":"conversion"}
{"level":"debug","datetime":"2026-02-20T06:20:32.267Z","message":"HSM raw data","data":[{"iv":25593.75,"tvalue":1771568431,"cng":139.4,"nc":0.55,"name":"if","tk":"Nifty 50","e":"nse_cm"}],"functionName":"conversion"}
{"level":"debug","datetime":"2026-02-20T06:20:32.802Z","message":"HSM raw data","data":[{"iv":25590.5,"cng":136.15,"nc":0.53,"name":"if","tk":"Nifty 50","e":"nse_cm"}],"functionName":"conversion"}
{"level":"debug","datetime":"2026-02-20T06:20:33.086Z","message":"HSM raw data","data":[{"iv":25591.6,"tvalue":1771568432,"cng":137.25,"nc":0.54,"name":"if","tk":"Nifty 50","e":"nse_cm"}],"functionName":"conversion"}
{"level":"debug","datetime":"2026-02-20T06:20:33.904Z","message":"HSM raw data","data":[{"iv":25590.9,"tvalue":1771568433,"cng":136.55,"nc":0.54,"name":"if","tk":"Nifty 50","e":"nse_cm"}],"functionName":"conversion"}
{"level":"debug","datetime":"2026-02-20T06:20:34.641Z","message":"HSM raw data","data":[{"iv":25590.95,"cng":136.6,"nc":0.54,"name":"if","tk":"Nifty 50","e":"nse_cm"}],"functionName":"conversion"}
{"level":"debug","datetime":"2026-02-20T06:20:35.084Z","message":"HSM raw data","data":[{"iv":25591.55,"tvalue":1771568434,"cng":137.2,"nc":0.54,"name":"if","tk":"Nifty 50","e":"nse_cm"}],"functionName":"conversion"}
{"level":"debug","datetime":"2026-02-20T06:20:35.542Z","message":"HSM raw data","data":[{"iv":25591.3,"cng":136.95,"nc":0.54,"name":"if","tk":"Nifty 50","e":"nse_cm"}],"functionName":"conversion"}
{"level":"debug","datetime":"2026-02-20T06:20:36.289Z","message":"HSM raw data","data":[{"iv":25591.7,"tvalue":1771568435,"cng":137.35,"nc":0.54,"name":"if","tk":"Nifty 50","e":"nse_cm"}],"functionName":"conversion"}
{"level":"debug","datetime":"2026-02-20T06:20:36.772Z","message":"HSM raw data","data":[{"iv":25592.05,"cng":137.7,"nc":0.54,"name":"if","tk":"Nifty 50","e":"nse_cm"}],"functionName":"conversion"}
{"level":"debug","datetime":"2026-02-20T06:20:37.384Z","message":"HSM raw data","data":[{"iv":25592.2,"tvalue":1771568436,"cng":137.85,"nc":0.54,"name":"if","tk":"Nifty 50","e":"nse_cm"}],"functionName":"conversion"}
{"level":"debug","datetime":"2026-02-20T06:20:37.565Z","message":"HSM raw data","data":[{"iv":25591.65,"cng":137.3,"nc":0.54,"name":"if","tk":"Nifty 50","e":"nse_cm"}],"functionName":"conversion"}
{"level":"debug","datetime":"2026-02-20T06:20:38.255Z","message":"HSM raw data","data":[{"iv":25591.05,"tvalue":1771568437,"cng":136.7,"nc":0.54,"name":"if","tk":"Nifty 50","e":"nse_cm"}],"functionName":"conversion"}
{"level":"debug","datetime":"2026-02-20T06:20:38.717Z","message":"HSM raw data","data":[{"iv":25590.95,"cng":136.6,"nc":0.54,"name":"if","tk":"Nifty 50","e":"nse_cm"}],"functionName":"conversion"}
{"level":"debug","datetime":"2026-02-20T06:20:39.230Z","message":"HSM raw data","data":[{"iv":25591.2,"tvalue":1771568438,"cng":136.85,"nc":0.54,"name":"if","tk":"Nifty 50","e":"nse_cm"}],"functionName":"conversion"}
{"level":"debug","datetime":"2026-02-20T06:20:39.850Z","message":"HSM raw data","data":[{"iv":25590.8,"tvalue":1771568439,"cng":136.45,"nc":0.54,"name":"if","tk":"Nifty 50","e":"nse_cm"}],"functionName":"conversion"}
{"level":"debug","datetime":"2026-02-20T06:20:40.702Z","message":"HSM raw data","data":[{"iv":25590.3,"cng":135.95,"nc":0.53,"name":"if","tk":"Nifty 50","e":"nse_cm"}],"functionName":"conversion"}
{"level":"debug","datetime":"2026-02-20T06:20:41.176Z","message":"HSM raw data","data":[{"iv":25590.6,"tvalue":1771568440,"cng":136.25,"nc":0.54,"name":"if","tk":"Nifty 50","e":"nse_cm"}],"functionName":"conversion"}
{"level":"debug","datetime":"2026-02-20T06:20:41.788Z","message":"HSM raw data","data":[{"iv":25591.95,"cng":137.6,"nc":0.54,"name":"if","tk":"Nifty 50","e":"nse_cm"}],"functionName":"conversion"}
{"level":"debug","datetime":"2026-02-20T06:20:42.404Z","message":"HSM raw data","data":[{"iv":25591.6,"tvalue":1771568441,"cng":137.25,"nc":0.54,"name":"if","tk":"Nifty 50","e":"nse_cm"}],"functionName":"conversion"}
{"level":"debug","datetime":"2026-02-20T06:20:42.726Z","message":"HSM raw data","data":[{"iv":25589.95,"cng":135.6,"nc":0.53,"name":"if","tk":"Nifty 50","e":"nse_cm"}],"functionName":"conversion"}
{"level":"debug","datetime":"2026-02-20T06:20:43.172Z","message":"HSM raw data","data":[{"iv":25589.65,"tvalue":1771568442,"cng":135.3,"nc":0.53,"name":"if","tk":"Nifty 50","e":"nse_cm"}],"functionName":"conversion"}
{"level":"debug","datetime":"2026-02-20T06:20:43.735Z","message":"HSM raw data","data":[{"iv":25590.25,"cng":135.9,"nc":0.53,"name":"if","tk":"Nifty 50","e":"nse_cm"}],"functionName":"conversion"}
{"level":"debug","datetime":"2026-02-20T06:20:44.298Z","message":"HSM raw data","data":[{"iv":25589.95,"tvalue":1771568443,"cng":135.6,"nc":0.53,"name":"if","tk":"Nifty 50","e":"nse_cm"}],"functionName":"conversion"}
{"level":"debug","datetime":"2026-02-20T06:20:45.133Z","message":"HSM raw data","data":[{"iv":25590.25,"tvalue":1771568444,"cng":135.9,"nc":0.53,"name":"if","tk":"Nifty 50","e":"nse_cm"}],"functionName":"conversion"}
{"level":"debug","datetime":"2026-02-20T06:20:45.576Z","message":"HSM raw data","data":[{"iv":25590.3,"cng":135.95,"nc":0.53,"name":"if","tk":"Nifty 50","e":"nse_cm"}],"functionName":"conversion"}
{"level":"debug","datetime":"2026-02-20T06:20:46.066Z","message":"HSM raw data","data":[{"iv":25590.8,"tvalue":1771568445,"cng":136.45,"nc":0.54,"name":"if","tk":"Nifty 50","e":"nse_cm"}],"functionName":"conversion"}
{"level":"debug","datetime":"2026-02-20T06:20:46.703Z","message":"HSM raw data","data":[{"iv":25591.25,"cng":136.9,"nc":0.54,"name":"if","tk":"Nifty 50","e":"nse_cm"}],"functionName":"conversion"}
{"level":"debug","datetime":"2026-02-20T06:20:47.216Z","message":"HSM raw data","data":[{"iv":25590.5,"tvalue":1771568446,"cng":136.15,"nc":0.53,"name":"if","tk":"Nifty 50","e":"nse_cm"}],"functionName":"conversion"}
{"level":"debug","datetime":"2026-02-20T06:20:47.577Z","message":"HSM raw data","data":[{"iv":25589.15,"cng":134.8,"nc":0.53,"name":"if","tk":"Nifty 50","e":"nse_cm"}],"functionName":"conversion"}
{"level":"debug","datetime":"2026-02-20T06:20:48.033Z","message":"HSM raw data","data":[{"iv":25590.05,"tvalue":1771568447,"cng":135.7,"nc":0.53,"name":"if","tk":"Nifty 50","e":"nse_cm"}],"functionName":"conversion"}
{"level":"debug","datetime":"2026-02-20T06:20:48.856Z","message":"HSM raw data","data":[{"iv":25589.85,"cng":135.5,"nc":0.53,"name":"if","tk":"Nifty 50","e":"nse_cm"}],"functionName":"conversion"}
{"level":"debug","datetime":"2026-02-20T06:20:49.163Z","message":"HSM raw data","data":[{"iv":25590,"tvalue":1771568448,"cng":135.65,"nc":0.53,"name":"if","tk":"Nifty 50","e":"nse_cm"}],"functionName":"conversion"}
{"level":"debug","datetime":"2026-02-20T06:20:49.620Z","message":"HSM raw data","data":[{"iv":25589.15,"cng":134.8,"nc":0.53,"name":"if","tk":"Nifty 50","e":"nse_cm"}],"functionName":"conversion"}
{"level":"debug","datetime":"2026-02-20T06:20:50.391Z","message":"HSM raw data","data":[{"iv":25590.5,"tvalue":1771568449,"cng":136.15,"nc":0.53,"name":"if","tk":"Nifty 50","e":"nse_cm"}],"functionName":"conversion"}
{"level":"debug","datetime":"2026-02-20T06:20:51.108Z","message":"HSM raw data","data":[{"iv":25590.75,"tvalue":1771568450,"cng":136.4,"nc":0.54,"name":"if","tk":"Nifty 50","e":"nse_cm"}],"functionName":"conversion"}
{"level":"debug","datetime":"2026-02-20T06:20:51.522Z","message":"HSM raw data","data":[{"iv":25589.6,"cng":135.25,"nc":0.53,"name":"if","tk":"Nifty 50","e":"nse_cm"}],"functionName":"conversion"}
{"level":"debug","datetime":"2026-02-20T06:20:52.136Z","message":"HSM raw data","data":[{"iv":25590.05,"tvalue":1771568451,"cng":135.7,"nc":0.53,"name":"if","tk":"Nifty 50","e":"nse_cm"}],"functionName":"conversion"}
{"level":"debug","datetime":"2026-02-20T06:20:52.764Z","message":"HSM raw data","data":[{"iv":25590.3,"cng":135.95,"nc":0.53,"name":"if","tk":"Nifty 50","e":"nse_cm"}],"functionName":"conversion"}
{"level":"debug","datetime":"2026-02-20T06:20:53.157Z","message":"HSM raw data","data":[{"iv":25590,"tvalue":1771568452,"cng":135.65,"nc":0.53,"name":"if","tk":"Nifty 50","e":"nse_cm"}],"functionName":"conversion"}
{"level":"debug","datetime":"2026-02-20T06:20:53.565Z","message":"HSM raw data","data":[{"iv":25589.85,"cng":135.5,"nc":0.53,"name":"if","tk":"Nifty 50","e":"nse_cm"}],"functionName":"conversion"}
{"level":"debug","datetime":"2026-02-20T06:20:54.027Z","message":"HSM raw data","data":[{"iv":25589.7,"tvalue":1771568453,"cng":135.35,"nc":0.53,"name":"if","tk":"Nifty 50","e":"nse_cm"}],"functionName":"conversion"}
{"level":"debug","datetime":"2026-02-20T06:20:54.850Z","message":"HSM raw data","data":[{"iv":25588.85,"cng":134.5,"nc":0.53,"name":"if","tk":"Nifty 50","e":"nse_cm"}],"functionName":"conversion"}
{"level":"debug","datetime":"2026-02-20T06:20:55.124Z","message":"HSM raw data","data":[{"iv":25589.9,"tvalue":1771568454,"cng":135.55,"nc":0.53,"name":"if","tk":"Nifty 50","e":"nse_cm"}],"functionName":"conversion"}
{"level":"debug","datetime":"2026-02-20T06:20:55.559Z","message":"HSM raw data","data":[{"iv":25590.35,"cng":136,"nc":0.53,"name":"if","tk":"Nifty 50","e":"nse_cm"}],"functionName":"conversion"}
{"level":"debug","datetime":"2026-02-20T06:20:56.234Z","message":"HSM raw data","data":[{"iv":25590.4,"tvalue":1771568455,"cng":136.05,"nc":0.53,"name":"if","tk":"Nifty 50","e":"nse_cm"}],"functionName":"conversion"}
{"level":"debug","datetime":"2026-02-20T06:20:57.082Z","message":"HSM raw data","data":[{"iv":25590.3,"tvalue":1771568456,"cng":135.95,"nc":0.53,"name":"if","tk":"Nifty 50","e":"nse_cm"}],"functionName":"conversion"}
{"level":"debug","datetime":"2026-02-20T06:20:57.661Z","message":"HSM raw data","data":[{"iv":25590.1,"cng":135.75,"nc":0.53,"name":"if","tk":"Nifty 50","e":"nse_cm"}],"functionName":"conversion"}
{"level":"debug","datetime":"2026-02-20T06:20:57.967Z","message":"HSM raw data","data":[{"iv":25591.7,"tvalue":1771568457,"cng":137.35,"nc":0.54,"name":"if","tk":"Nifty 50","e":"nse_cm"}],"functionName":"conversion"}
{"level":"debug","datetime":"2026-02-20T06:20:59.084Z","message":"HSM raw data","data":[{"iv":25591.4,"tvalue":1771568458,"cng":137.05,"nc":0.54,"name":"if","tk":"Nifty 50","e":"nse_cm"}],"functionName":"conversion"}
{"level":"debug","datetime":"2026-02-20T06:20:59.710Z","message":"HSM raw data","data":[{"iv":25591.65,"cng":137.3,"nc":0.54,"name":"if","tk":"Nifty 50","e":"nse_cm"}],"functionName":"conversion"}
{"level":"debug","datetime":"2026-02-20T06:21:00.016Z","message":"HSM raw data","data":[{"iv":25592,"tvalue":1771568459,"cng":137.65,"nc":0.54,"name":"if","tk":"Nifty 50","e":"nse_cm"}],"functionName":"conversion"}
{"level":"debug","datetime":"2026-02-20T06:21:00.765Z","message":"HSM raw data","data":[{"iv":25592.5,"cng":138.15,"nc":0.54,"name":"if","tk":"Nifty 50","e":"nse_cm"}],"functionName":"conversion"}
{"level":"debug","datetime":"2026-02-20T06:21:01.254Z","message":"HSM raw data","data":[{"iv":25592.7,"tvalue":1771568460,"cng":138.35,"nc":0.54,"name":"if","tk":"Nifty 50","e":"nse_cm"}],"functionName":"conversion"}
{"level":"debug","datetime":"2026-02-20T06:21:01.877Z","message":"HSM raw data","data":[{"iv":25593.85,"cng":139.5,"nc":0.55,"name":"if","tk":"Nifty 50","e":"nse_cm"}],"functionName":"conversion"}
{"level":"debug","datetime":"2026-02-20T06:21:02.474Z","message":"HSM raw data","data":[{"iv":25593.3,"tvalue":1771568461,"cng":138.95,"nc":0.55,"name":"if","tk":"Nifty 50","e":"nse_cm"}],"functionName":"conversion"}
{"level":"debug","datetime":"2026-02-20T06:21:03.209Z","message":"HSM raw data","data":[{"iv":25594.8,"tvalue":1771568462,"cng":140.45,"nc":0.55,"name":"if","tk":"Nifty 50","e":"nse_cm"}],"functionName":"conversion"}
{"level":"debug","datetime":"2026-02-20T06:21:03.659Z","message":"HSM raw data","data":[{"iv":25594,"cng":139.65,"nc":0.55,"name":"if","tk":"Nifty 50","e":"nse_cm"}],"functionName":"conversion"}
{"level":"debug","datetime":"2026-02-20T06:21:04.112Z","message":"HSM raw data","data":[{"iv":25595.5,"tvalue":1771568463,"cng":141.15,"nc":0.55,"name":"if","tk":"Nifty 50","e":"nse_cm"}],"functionName":"conversion"}
{"level":"debug","datetime":"2026-02-20T06:21:05.342Z","message":"HSM raw data","data":[{"iv":25595.8,"tvalue":1771568464,"cng":141.45,"nc":0.56,"name":"if","tk":"Nifty 50","e":"nse_cm"}],"functionName":"conversion"}
{"level":"debug","datetime":"2026-02-20T06:21:05.574Z","message":"HSM raw data","data":[{"iv":25595.05,"cng":140.7,"nc":0.55,"name":"if","tk":"Nifty 50","e":"nse_cm"}],"functionName":"conversion"}
{"level":"debug","datetime":"2026-02-20T06:21:06.058Z","message":"HSM raw data","data":[{"iv":25595.4,"tvalue":1771568465,"cng":141.05,"nc":0.55,"name":"if","tk":"Nifty 50","e":"nse_cm"}],"functionName":"conversion"}
{"level":"debug","datetime":"2026-02-20T06:21:06.692Z","message":"HSM raw data","data":[{"iv":25595.55,"cng":141.2,"nc":0.55,"name":"if","tk":"Nifty 50","e":"nse_cm"}],"functionName":"conversion"}
{"level":"debug","datetime":"2026-02-20T06:21:07.142Z","message":"HSM raw data","data":[{"iv":25596.05,"tvalue":1771568466,"cng":141.7,"nc":0.56,"name":"if","tk":"Nifty 50","e":"nse_cm"}],"functionName":"conversion"}
{"level":"debug","datetime":"2026-02-20T06:21:07.580Z","message":"HSM raw data","data":[{"iv":25594.65,"cng":140.3,"nc":0.55,"name":"if","tk":"Nifty 50","e":"nse_cm"}],"functionName":"conversion"}
{"level":"debug","datetime":"2026-02-20T06:21:08.419Z","message":"HSM raw data","data":[{"iv":25594.55,"tvalue":1771568467,"cng":140.2,"nc":0.55,"name":"if","tk":"Nifty 50","e":"nse_cm"}],"functionName":"conversion"}
{"level":"debug","datetime":"2026-02-20T06:21:09.088Z","message":"HSM raw data","data":[{"iv":25593.95,"tvalue":1771568468,"cng":139.6,"nc":0.55,"name":"if","tk":"Nifty 50","e":"nse_cm"}],"functionName":"conversion"}
{"level":"debug","datetime":"2026-02-20T06:21:09.758Z","message":"HSM raw data","data":[{"iv":25593.75,"cng":139.4,"nc":0.55,"name":"if","tk":"Nifty 50","e":"nse_cm"}],"functionName":"conversion"}
{"level":"debug","datetime":"2026-02-20T06:21:09.990Z","message":"HSM raw data","data":[{"iv":25593.85,"tvalue":1771568469,"cng":139.5,"nc":0.55,"name":"if","tk":"Nifty 50","e":"nse_cm"}],"functionName":"conversion"}
{"level":"debug","datetime":"2026-02-20T06:21:10.752Z","message":"HSM raw data","data":[{"iv":25593.55,"cng":139.2,"nc":0.55,"name":"if","tk":"Nifty 50","e":"nse_cm"}],"functionName":"conversion"}
{"level":"debug","datetime":"2026-02-20T06:21:11.179Z","message":"HSM raw data","data":[{"iv":25594,"tvalue":1771568470,"cng":139.65,"nc":0.55,"name":"if","tk":"Nifty 50","e":"nse_cm"}],"functionName":"conversion"}
{"level":"debug","datetime":"2026-02-20T06:21:11.629Z","message":"HSM raw data","data":[{"iv":25595,"cng":140.65,"nc":0.55,"name":"if","tk":"Nifty 50","e":"nse_cm"}],"functionName":"conversion"}
{"level":"debug","datetime":"2026-02-20T06:21:12.064Z","message":"HSM raw data","data":[{"iv":25594.7,"tvalue":1771568471,"cng":140.35,"nc":0.55,"name":"if","tk":"Nifty 50","e":"nse_cm"}],"functionName":"conversion"}
{"level":"debug","datetime":"2026-02-20T06:21:12.797Z","message":"HSM raw data","data":[{"iv":25593.7,"tvalue":1771568472,"cng":139.35,"nc":0.55,"name":"if","tk":"Nifty 50","e":"nse_cm"}],"functionName":"conversion"}
{"level":"debug","datetime":"2026-02-20T06:21:13.708Z","message":"HSM raw data","data":[{"iv":25593.6,"cng":139.25,"nc":0.55,"name":"if","tk":"Nifty 50","e":"nse_cm"}],"functionName":"conversion"}
{"level":"debug","datetime":"2026-02-20T06:21:14.036Z","message":"HSM raw data","data":[{"iv":25593.4,"tvalue":1771568473,"cng":139.05,"nc":0.55,"name":"if","tk":"Nifty 50","e":"nse_cm"}],"functionName":"conversion"}
{"level":"debug","datetime":"2026-02-20T06:21:14.538Z","message":"HSM raw data","data":[{"iv":25593.15,"cng":138.8,"nc":0.55,"name":"if","tk":"Nifty 50","e":"nse_cm"}],"functionName":"conversion"}
{"level":"debug","datetime":"2026-02-20T06:21:15.163Z","message":"HSM raw data","data":[{"iv":25593.7,"tvalue":1771568474,"cng":139.35,"nc":0.55,"name":"if","tk":"Nifty 50","e":"nse_cm"}],"functionName":"conversion"}
{"level":"debug","datetime":"2026-02-20T06:21:15.684Z","message":"HSM raw data","data":[{"iv":25594.2,"cng":139.85,"nc":0.55,"name":"if","tk":"Nifty 50","e":"nse_cm"}],"functionName":"conversion"}
{"level":"debug","datetime":"2026-02-20T06:21:16.044Z","message":"HSM raw data","data":[{"iv":25594.8,"tvalue":1771568475,"cng":140.45,"nc":0.55,"name":"if","tk":"Nifty 50","e":"nse_cm"}],"functionName":"conversion"}
{"level":"debug","datetime":"2026-02-20T06:21:16.509Z","message":"HSM raw data","data":[{"iv":25595.6,"cng":141.25,"nc":0.55,"name":"if","tk":"Nifty 50","e":"nse_cm"}],"functionName":"conversion"}
{"level":"debug","datetime":"2026-02-20T06:21:17.340Z","message":"HSM raw data","data":[{"iv":25595.15,"tvalue":1771568476,"cng":140.8,"nc":0.55,"name":"if","tk":"Nifty 50","e":"nse_cm"}],"functionName":"conversion"}
{"level":"debug","datetime":"2026-02-20T06:21:17.616Z","message":"HSM raw data","data":[{"iv":25595.45,"cng":141.1,"nc":0.55,"name":"if","tk":"Nifty 50","e":"nse_cm"}],"functionName":"conversion"}
{"level":"debug","datetime":"2026-02-20T06:21:18.061Z","message":"HSM raw data","data":[{"iv":25594.85,"tvalue":1771568477,"cng":140.5,"nc":0.55,"name":"if","tk":"Nifty 50","e":"nse_cm"}],"functionName":"conversion"}
{"level":"debug","datetime":"2026-02-20T06:21:18.859Z","message":"HSM raw data","data":[{"iv":25595.6,"tvalue":1771568478,"cng":141.25,"nc":0.55,"name":"if","tk":"Nifty 50","e":"nse_cm"}],"functionName":"conversion"}
{"level":"debug","datetime":"2026-02-20T06:21:19.578Z","message":"HSM raw data","data":[{"iv":25595.7,"cng":141.35,"nc":0.56,"name":"if","tk":"Nifty 50","e":"nse_cm"}],"functionName":"conversion"}
{"level":"debug","datetime":"2026-02-20T06:21:20.190Z","message":"HSM raw data","data":[{"iv":25595.9,"tvalue":1771568479,"cng":141.55,"nc":0.56,"name":"if","tk":"Nifty 50","e":"nse_cm"}],"functionName":"conversion"}
{"level":"debug","datetime":"2026-02-20T06:21:27.300Z","message":"HSM raw data","data":[{"stat":"Ok","type":"cn","msg":"successful","stCode":200}],"functionName":"conversion"}
{"level":"debug","datetime":"2026-02-20T06:21:27.474Z","message":"HSM raw data","data":[{"stat":"Ok","type":"lit","msg":"successful","stCode":200}],"functionName":"conversion"}
{"level":"debug","datetime":"2026-02-20T06:21:27.551Z","message":"HSM raw data","data":[{"stat":"Ok","type":"sub","msg":"successful","stCode":200}],"functionName":"conversion"}
{"level":"debug","datetime":"2026-02-20T06:21:27.551Z","message":"HSM raw data","data":[{"stat":"Ok","type":"cr","msg":"successful","stCode":200}],"functionName":"conversion"}
{"level":"debug","datetime":"2026-02-20T06:21:27.551Z","message":"HSM raw data","data":[{"stat":"Ok","type":"cp","msg":"successful","stCode":200}],"functionName":"conversion"}
{"level":"debug","datetime":"2026-02-20T06:21:28.173Z","message":"HSM raw data","data":[{"iv":25596.65,"ic":25454.35,"tvalue":1771568487,"highPrice":25620.7,"lowPrice":25379.75,"openingPrice":25406.55,"cng":142.3,"nc":0.56,"ts":"Nifty 50","name":"if","tk":"Nifty 50","e":"nse_cm"}],"functionName":"conversion"}
{"level":"debug","datetime":"2026-02-20T06:21:28.598Z","message":"HSM raw data","data":[{"iv":25596.95,"cng":142.6,"nc":0.56,"name":"if","tk":"Nifty 50","e":"nse_cm"}],"functionName":"conversion"}
{"level":"debug","datetime":"2026-02-20T06:21:29.305Z","message":"HSM raw data","data":[{"iv":25597.45,"tvalue":1771568488,"cng":143.1,"nc":0.56,"name":"if","tk":"Nifty 50","e":"nse_cm"}],"functionName":"conversion"}
{"level":"debug","datetime":"2026-02-20T06:21:29.722Z","message":"HSM raw data","data":[{"iv":25596.65,"cng":142.3,"nc":0.56,"name":"if","tk":"Nifty 50","e":"nse_cm"}],"functionName":"conversion"}
{"level":"debug","datetime":"2026-02-20T06:21:30.167Z","message":"HSM raw data","data":[{"iv":25596.15,"tvalue":1771568489,"cng":141.8,"nc":0.56,"name":"if","tk":"Nifty 50","e":"nse_cm"}],"functionName":"conversion"}
{"level":"debug","datetime":"2026-02-20T06:21:30.849Z","message":"HSM raw data","data":[{"iv":25595.25,"tvalue":1771568490,"cng":140.9,"nc":0.55,"name":"if","tk":"Nifty 50","e":"nse_cm"}],"functionName":"conversion"}
{"level":"debug","datetime":"2026-02-20T06:21:31.661Z","message":"HSM raw data","data":[{"iv":25596.5,"cng":142.15,"nc":0.56,"name":"if","tk":"Nifty 50","e":"nse_cm"}],"functionName":"conversion"}
{"level":"debug","datetime":"2026-02-20T06:21:32.049Z","message":"HSM raw data","data":[{"iv":25598.25,"tvalue":1771568491,"cng":143.9,"nc":0.57,"name":"if","tk":"Nifty 50","e":"nse_cm"}],"functionName":"conversion"}
{"level":"debug","datetime":"2026-02-20T06:21:32.685Z","message":"HSM raw data","data":[{"iv":25596.45,"cng":142.1,"nc":0.56,"name":"if","tk":"Nifty 50","e":"nse_cm"}],"functionName":"conversion"}
{"level":"debug","datetime":"2026-02-20T06:21:33.300Z","message":"HSM raw data","data":[{"iv":25596,"tvalue":1771568492,"cng":141.65,"nc":0.56,"name":"if","tk":"Nifty 50","e":"nse_cm"}],"functionName":"conversion"}
{"level":"debug","datetime":"2026-02-20T06:21:33.814Z","message":"HSM raw data","data":[{"iv":25595.45,"cng":141.1,"nc":0.55,"name":"if","tk":"Nifty 50","e":"nse_cm"}],"functionName":"conversion"}
{"level":"debug","datetime":"2026-02-20T06:21:34.190Z","message":"HSM raw data","data":[{"iv":25596.25,"tvalue":1771568493,"cng":141.9,"nc":0.56,"name":"if","tk":"Nifty 50","e":"nse_cm"}],"functionName":"conversion"}
{"level":"debug","datetime":"2026-02-20T06:21:34.622Z","message":"HSM raw data","data":[{"iv":25595.9,"cng":141.55,"nc":0.56,"name":"if","tk":"Nifty 50","e":"nse_cm"}],"functionName":"conversion"}
{"level":"debug","datetime":"2026-02-20T06:21:35.347Z","message":"HSM raw data","data":[{"iv":25596.3,"tvalue":1771568494,"cng":141.95,"nc":0.56,"name":"if","tk":"Nifty 50","e":"nse_cm"}],"functionName":"conversion"}
{"level":"debug","datetime":"2026-02-20T06:21:35.734Z","message":"HSM raw data","data":[{"iv":25595.95,"cng":141.6,"nc":0.56,"name":"if","tk":"Nifty 50","e":"nse_cm"}],"functionName":"conversion"}
{"level":"debug","datetime":"2026-02-20T06:21:36.577Z","message":"HSM raw data","data":[{"iv":25596.25,"tvalue":1771568495,"cng":141.9,"nc":0.56,"name":"if","tk":"Nifty 50","e":"nse_cm"}],"functionName":"conversion"}
{"level":"debug","datetime":"2026-02-20T06:21:36.912Z","message":"HSM raw data","data":[{"iv":25596.1,"tvalue":1771568496,"cng":141.75,"nc":0.56,"name":"if","tk":"Nifty 50","e":"nse_cm"}],"functionName":"conversion"}
{"level":"debug","datetime":"2026-02-20T06:21:37.775Z","message":"HSM raw data","data":[{"iv":25595.15,"cng":140.8,"nc":0.55,"name":"if","tk":"Nifty 50","e":"nse_cm"}],"functionName":"conversion"}
{"level":"debug","datetime":"2026-02-20T06:21:38.215Z","message":"HSM raw data","data":[{"iv":25595.35,"tvalue":1771568497,"cng":141,"nc":0.55,"name":"if","tk":"Nifty 50","e":"nse_cm"}],"functionName":"conversion"}
{"level":"debug","datetime":"2026-02-20T06:21:38.912Z","message":"HSM raw data","data":[{"iv":25595.7,"tvalue":1771568498,"cng":141.35,"nc":0.56,"name":"if","tk":"Nifty 50","e":"nse_cm"}],"functionName":"conversion"}
{"level":"debug","datetime":"2026-02-20T06:21:39.852Z","message":"HSM raw data","data":[{"iv":25595.35,"cng":141,"nc":0.55,"name":"if","tk":"Nifty 50","e":"nse_cm"}],"functionName":"conversion"}
{"level":"debug","datetime":"2026-02-20T06:21:40.469Z","message":"HSM raw data","data":[{"iv":25594.7,"tvalue":1771568499,"cng":140.35,"nc":0.55,"name":"if","tk":"Nifty 50","e":"nse_cm"}],"functionName":"conversion"}
{"level":"debug","datetime":"2026-02-20T06:21:40.876Z","message":"HSM raw data","data":[{"iv":25595.4,"cng":141.05,"nc":0.55,"name":"if","tk":"Nifty 50","e":"nse_cm"}],"functionName":"conversion"}
{"level":"debug","datetime":"2026-02-20T06:21:41.494Z","message":"HSM raw data","data":[{"iv":25595.5,"tvalue":1771568500,"cng":141.15,"nc":0.55,"name":"if","tk":"Nifty 50","e":"nse_cm"}],"functionName":"conversion"}
{"level":"debug","datetime":"2026-02-20T06:21:42.311Z","message":"HSM raw data","data":[{"iv":25595.1,"tvalue":1771568501,"cng":140.75,"nc":0.55,"name":"if","tk":"Nifty 50","e":"nse_cm"}],"functionName":"conversion"}
{"level":"debug","datetime":"2026-02-20T06:21:42.619Z","message":"HSM raw data","data":[{"iv":25595.05,"cng":140.7,"nc":0.55,"name":"if","tk":"Nifty 50","e":"nse_cm"}],"functionName":"conversion"}
{"level":"debug","datetime":"2026-02-20T06:21:43.015Z","message":"HSM raw data","data":[{"iv":25594.75,"tvalue":1771568502,"cng":140.4,"nc":0.55,"name":"if","tk":"Nifty 50","e":"nse_cm"}],"functionName":"conversion"}
{"level":"debug","datetime":"2026-02-20T06:21:43.750Z","message":"HSM raw data","data":[{"iv":25595.15,"cng":140.8,"nc":0.55,"name":"if","tk":"Nifty 50","e":"nse_cm"}],"functionName":"conversion"}
{"level":"debug","datetime":"2026-02-20T06:21:44.373Z","message":"HSM raw data","data":[{"iv":25594.7,"tvalue":1771568503,"cng":140.35,"nc":0.55,"name":"if","tk":"Nifty 50","e":"nse_cm"}],"functionName":"conversion"}
{"level":"debug","datetime":"2026-02-20T06:21:44.681Z","message":"HSM raw data","data":[{"iv":25594.65,"cng":140.3,"nc":0.55,"name":"if","tk":"Nifty 50","e":"nse_cm"}],"functionName":"conversion"}
{"level":"debug","datetime":"2026-02-20T06:21:45.177Z","message":"HSM raw data","data":[{"iv":25595.05,"tvalue":1771568504,"cng":140.7,"nc":0.55,"name":"if","tk":"Nifty 50","e":"nse_cm"}],"functionName":"conversion"}
{"level":"debug","datetime":"2026-02-20T06:21:45.742Z","message":"HSM raw data","data":[{"iv":25595.55,"cng":141.2,"nc":0.55,"name":"if","tk":"Nifty 50","e":"nse_cm"}],"functionName":"conversion"}
{"level":"debug","datetime":"2026-02-20T06:21:46.189Z","message":"HSM raw data","data":[{"iv":25595.65,"tvalue":1771568505,"cng":141.3,"nc":0.56,"name":"if","tk":"Nifty 50","e":"nse_cm"}],"functionName":"conversion"}
{"level":"debug","datetime":"2026-02-20T06:21:46.716Z","message":"HSM raw data","data":[{"iv":25596.2,"cng":141.85,"nc":0.56,"name":"if","tk":"Nifty 50","e":"nse_cm"}],"functionName":"conversion"}
{"level":"debug","datetime":"2026-02-20T06:21:47.432Z","message":"HSM raw data","data":[{"iv":25596.4,"tvalue":1771568506,"cng":142.05,"nc":0.56,"name":"if","tk":"Nifty 50","e":"nse_cm"}],"functionName":"conversion"}
{"level":"debug","datetime":"2026-02-20T06:21:48.249Z","message":"HSM raw data","data":[{"iv":25594.8,"tvalue":1771568507,"cng":140.45,"nc":0.55,"name":"if","tk":"Nifty 50","e":"nse_cm"}],"functionName":"conversion"}
{"level":"debug","datetime":"2026-02-20T06:21:48.658Z","message":"HSM raw data","data":[{"iv":25595.2,"cng":140.85,"nc":0.55,"name":"if","tk":"Nifty 50","e":"nse_cm"}],"functionName":"conversion"}
{"level":"debug","datetime":"2026-02-20T06:21:49.257Z","message":"HSM raw data","data":[{"iv":25595.65,"tvalue":1771568508,"cng":141.3,"nc":0.56,"name":"if","tk":"Nifty 50","e":"nse_cm"}],"functionName":"conversion"}
{"level":"debug","datetime":"2026-02-20T06:21:49.682Z","message":"HSM raw data","data":[{"iv":25596.25,"tvalue":1771568509,"cng":141.9,"nc":0.56,"name":"if","tk":"Nifty 50","e":"nse_cm"}],"functionName":"conversion"}
{"level":"debug","datetime":"2026-02-20T06:21:50.465Z","message":"HSM raw data","data":[{"iv":25596.3,"cng":141.95,"nc":0.56,"name":"if","tk":"Nifty 50","e":"nse_cm"}],"functionName":"conversion"}
{"level":"debug","datetime":"2026-02-20T06:21:51.117Z","message":"HSM raw data","data":[{"iv":25596.55,"tvalue":1771568510,"cng":142.2,"nc":0.56,"name":"if","tk":"Nifty 50","e":"nse_cm"}],"functionName":"conversion"}
{"level":"debug","datetime":"2026-02-20T06:21:51.529Z","message":"HSM raw data","data":[{"iv":25597.2,"cng":142.85,"nc":0.56,"name":"if","tk":"Nifty 50","e":"nse_cm"}],"functionName":"conversion"}
{"level":"debug","datetime":"2026-02-20T06:21:52.150Z","message":"HSM raw data","data":[{"iv":25597.25,"tvalue":1771568511,"cng":142.9,"nc":0.56,"name":"if","tk":"Nifty 50","e":"nse_cm"}],"functionName":"conversion"}
{"level":"debug","datetime":"2026-02-20T06:21:52.621Z","message":"HSM raw data","data":[{"iv":25596,"cng":141.65,"nc":0.56,"name":"if","tk":"Nifty 50","e":"nse_cm"}],"functionName":"conversion"}
{"level":"debug","datetime":"2026-02-20T06:21:53.040Z","message":"HSM raw data","data":[{"iv":25595.7,"tvalue":1771568512,"cng":141.35,"nc":0.56,"name":"if","tk":"Nifty 50","e":"nse_cm"}],"functionName":"conversion"}
{"level":"debug","datetime":"2026-02-20T06:21:53.481Z","message":"HSM raw data","data":[{"iv":25596,"cng":141.65,"nc":0.56,"name":"if","tk":"Nifty 50","e":"nse_cm"}],"functionName":"conversion"}
{"level":"debug","datetime":"2026-02-20T06:21:54.168Z","message":"HSM raw data","data":[{"iv":25596.1,"tvalue":1771568513,"cng":141.75,"nc":0.56,"name":"if","tk":"Nifty 50","e":"nse_cm"}],"functionName":"conversion"}
{"level":"debug","datetime":"2026-02-20T06:21:54.614Z","message":"HSM raw data","data":[{"iv":25595.7,"cng":141.35,"nc":0.56,"name":"if","tk":"Nifty 50","e":"nse_cm"}],"functionName":"conversion"}
{"level":"debug","datetime":"2026-02-20T06:21:55.828Z","message":"HSM raw data","data":[{"iv":25596.25,"tvalue":1771568515,"cng":141.9,"nc":0.56,"name":"if","tk":"Nifty 50","e":"nse_cm"}],"functionName":"conversion"}
{"level":"debug","datetime":"2026-02-20T06:21:56.646Z","message":"HSM raw data","data":[{"iv":25597.15,"cng":142.8,"nc":0.56,"name":"if","tk":"Nifty 50","e":"nse_cm"}],"functionName":"conversion"}
{"level":"debug","datetime":"2026-02-20T06:21:57.036Z","message":"HSM raw data","data":[{"iv":25596.95,"tvalue":1771568516,"cng":142.6,"nc":0.56,"name":"if","tk":"Nifty 50","e":"nse_cm"}],"functionName":"conversion"}
{"level":"debug","datetime":"2026-02-20T06:21:57.670Z","message":"HSM raw data","data":[{"iv":25596.2,"cng":141.85,"nc":0.56,"name":"if","tk":"Nifty 50","e":"nse_cm"}],"functionName":"conversion"}
{"level":"debug","datetime":"2026-02-20T06:21:58.174Z","message":"HSM raw data","data":[{"iv":25595.85,"tvalue":1771568517,"cng":141.5,"nc":0.56,"name":"if","tk":"Nifty 50","e":"nse_cm"}],"functionName":"conversion"}
{"level":"debug","datetime":"2026-02-20T06:21:59.513Z","message":"HSM raw data","data":[{"iv":25596.2,"tvalue":1771568518,"cng":141.85,"nc":0.56,"name":"if","tk":"Nifty 50","e":"nse_cm"}],"functionName":"conversion"}
{"level":"debug","datetime":"2026-02-20T06:22:00.134Z","message":"HSM raw data","data":[{"iv":25595.95,"tvalue":1771568519,"cng":141.6,"nc":0.56,"name":"if","tk":"Nifty 50","e":"nse_cm"}],"functionName":"conversion"}
{"level":"debug","datetime":"2026-02-20T06:22:00.743Z","message":"HSM raw data","data":[{"iv":25595.8,"cng":141.45,"nc":0.56,"name":"if","tk":"Nifty 50","e":"nse_cm"}],"functionName":"conversion"}
{"level":"debug","datetime":"2026-02-20T06:22:01.050Z","message":"HSM raw data","data":[{"iv":25595.65,"tvalue":1771568520,"cng":141.3,"nc":0.56,"name":"if","tk":"Nifty 50","e":"nse_cm"}],"functionName":"conversion"}
{"level":"debug","datetime":"2026-02-20T06:22:01.562Z","message":"HSM raw data","data":[{"iv":25596.25,"cng":141.9,"nc":0.56,"name":"if","tk":"Nifty 50","e":"nse_cm"}],"functionName":"conversion"}
{"level":"debug","datetime":"2026-02-20T06:22:01.970Z","message":"HSM raw data","data":[{"iv":25598.4,"tvalue":1771568521,"cng":144.05,"nc":0.57,"name":"if","tk":"Nifty 50","e":"nse_cm"}],"functionName":"conversion"}
{"level":"debug","datetime":"2026-02-20T06:22:02.689Z","message":"HSM raw data","data":[{"iv":25596.6,"cng":142.25,"nc":0.56,"name":"if","tk":"Nifty 50","e":"nse_cm"}],"functionName":"conversion"}
{"level":"debug","datetime":"2026-02-20T06:22:03.069Z","message":"HSM raw data","data":[{"iv":25598.45,"tvalue":1771568522,"cng":144.1,"nc":0.57,"name":"if","tk":"Nifty 50","e":"nse_cm"}],"functionName":"conversion"}
{"level":"debug","datetime":"2026-02-20T06:22:03.519Z","message":"HSM raw data","data":[{"iv":25597.7,"cng":143.35,"nc":0.56,"name":"if","tk":"Nifty 50","e":"nse_cm"}],"functionName":"conversion"}
{"level":"debug","datetime":"2026-02-20T06:22:04.020Z","message":"HSM raw data","data":[{"iv":25598.1,"tvalue":1771568523,"cng":143.75,"nc":0.56,"name":"if","tk":"Nifty 50","e":"nse_cm"}],"functionName":"conversion"}
{"level":"debug","datetime":"2026-02-20T06:22:04.657Z","message":"HSM raw data","data":[{"iv":25597.95,"cng":143.6,"nc":0.56,"name":"if","tk":"Nifty 50","e":"nse_cm"}],"functionName":"conversion"}
{"level":"debug","datetime":"2026-02-20T06:22:05.248Z","message":"HSM raw data","data":[{"iv":25597.05,"tvalue":1771568524,"cng":142.7,"nc":0.56,"name":"if","tk":"Nifty 50","e":"nse_cm"}],"functionName":"conversion"}
{"level":"debug","datetime":"2026-02-20T06:22:06.273Z","message":"HSM raw data","data":[{"iv":25598.65,"tvalue":1771568525,"cng":144.3,"nc":0.57,"name":"if","tk":"Nifty 50","e":"nse_cm"}],"functionName":"conversion"}
{"level":"debug","datetime":"2026-02-20T06:22:07.296Z","message":"HSM raw data","data":[{"iv":25598.5,"tvalue":1771568526,"cng":144.15,"nc":0.57,"name":"if","tk":"Nifty 50","e":"nse_cm"}],"functionName":"conversion"}
{"level":"debug","datetime":"2026-02-20T06:22:07.704Z","message":"HSM raw data","data":[{"iv":25597.2,"cng":142.85,"nc":0.56,"name":"if","tk":"Nifty 50","e":"nse_cm"}],"functionName":"conversion"}
{"level":"debug","datetime":"2026-02-20T06:22:08.171Z","message":"HSM raw data","data":[{"iv":25597.1,"tvalue":1771568527,"cng":142.75,"nc":0.56,"name":"if","tk":"Nifty 50","e":"nse_cm"}],"functionName":"conversion"}
{"level":"debug","datetime":"2026-02-20T06:22:08.835Z","message":"HSM raw data","data":[{"iv":25596.4,"cng":142.05,"nc":0.56,"name":"if","tk":"Nifty 50","e":"nse_cm"}],"functionName":"conversion"}
{"level":"debug","datetime":"2026-02-20T06:22:09.242Z","message":"HSM raw data","data":[{"iv":25596.85,"tvalue":1771568528,"cng":142.5,"nc":0.56,"name":"if","tk":"Nifty 50","e":"nse_cm"}],"functionName":"conversion"}
{"level":"debug","datetime":"2026-02-20T06:22:09.652Z","message":"HSM raw data","data":[{"iv":25597.35,"cng":143,"nc":0.56,"name":"if","tk":"Nifty 50","e":"nse_cm"}],"functionName":"conversion"}
{"level":"debug","datetime":"2026-02-20T06:22:10.163Z","message":"HSM raw data","data":[{"iv":25597.15,"tvalue":1771568529,"cng":142.8,"nc":0.56,"name":"if","tk":"Nifty 50","e":"nse_cm"}],"functionName":"conversion"}
{"level":"debug","datetime":"2026-02-20T06:22:10.781Z","message":"HSM raw data","data":[{"iv":25597.5,"cng":143.15,"nc":0.56,"name":"if","tk":"Nifty 50","e":"nse_cm"}],"functionName":"conversion"}
{"level":"debug","datetime":"2026-02-20T06:22:11.394Z","message":"HSM raw data","data":[{"iv":25597.7,"tvalue":1771568530,"cng":143.35,"nc":0.56,"name":"if","tk":"Nifty 50","e":"nse_cm"}],"functionName":"conversion"}
{"level":"debug","datetime":"2026-02-20T06:22:11.702Z","message":"HSM raw data","data":[{"iv":25597.55,"cng":143.2,"nc":0.56,"name":"if","tk":"Nifty 50","e":"nse_cm"}],"functionName":"conversion"}
{"level":"debug","datetime":"2026-02-20T06:22:12.416Z","message":"HSM raw data","data":[{"iv":25597.4,"tvalue":1771568531,"cng":143.05,"nc":0.56,"name":"if","tk":"Nifty 50","e":"nse_cm"}],"functionName":"conversion"}
{"level":"debug","datetime":"2026-02-20T06:22:13.045Z","message":"HSM raw data","data":[{"iv":25598.1,"tvalue":1771568532,"cng":143.75,"nc":0.56,"name":"if","tk":"Nifty 50","e":"nse_cm"}],"functionName":"conversion"}
{"level":"debug","datetime":"2026-02-20T06:22:13.481Z","message":"HSM raw data","data":[{"iv":25598.2,"cng":143.85,"nc":0.57,"name":"if","tk":"Nifty 50","e":"nse_cm"}],"functionName":"conversion"}
{"level":"debug","datetime":"2026-02-20T06:22:13.959Z","message":"HSM raw data","data":[{"iv":25598.3,"tvalue":1771568533,"cng":143.95,"nc":0.57,"name":"if","tk":"Nifty 50","e":"nse_cm"}],"functionName":"conversion"}
{"level":"debug","datetime":"2026-02-20T06:22:14.874Z","message":"HSM raw data","data":[{"iv":25599.9,"cng":145.55,"nc":0.57,"name":"if","tk":"Nifty 50","e":"nse_cm"}],"functionName":"conversion"}
{"level":"debug","datetime":"2026-02-20T06:22:15.068Z","message":"HSM raw data","data":[{"iv":25600.45,"tvalue":1771568534,"cng":146.1,"nc":0.57,"name":"if","tk":"Nifty 50","e":"nse_cm"}],"functionName":"conversion"}
{"level":"debug","datetime":"2026-02-20T06:22:15.693Z","message":"HSM raw data","data":[{"iv":25599.85,"cng":145.5,"nc":0.57,"name":"if","tk":"Nifty 50","e":"nse_cm"}],"functionName":"conversion"}
{"level":"debug","datetime":"2026-02-20T06:22:16.000Z","message":"HSM raw data","data":[{"iv":25599.7,"tvalue":1771568535,"cng":145.35,"nc":0.57,"name":"if","tk":"Nifty 50","e":"nse_cm"}],"functionName":"conversion"}
{"level":"debug","datetime":"2026-02-20T06:22:16.923Z","message":"HSM raw data","data":[{"iv":25600.85,"cng":146.5,"nc":0.58,"name":"if","tk":"Nifty 50","e":"nse_cm"}],"functionName":"conversion"}
{"level":"debug","datetime":"2026-02-20T06:22:17.111Z","message":"HSM raw data","data":[{"iv":25600.4,"tvalue":1771568536,"cng":146.05,"nc":0.57,"name":"if","tk":"Nifty 50","e":"nse_cm"}],"functionName":"conversion"}
{"level":"debug","datetime":"2026-02-20T06:22:17.579Z","message":"HSM raw data","data":[{"iv":25599.35,"cng":145,"nc":0.57,"name":"if","tk":"Nifty 50","e":"nse_cm"}],"functionName":"conversion"}
{"level":"debug","datetime":"2026-02-20T06:22:18.255Z","message":"HSM raw data","data":[{"iv":25599.8,"tvalue":1771568537,"cng":145.45,"nc":0.57,"name":"if","tk":"Nifty 50","e":"nse_cm"}],"functionName":"conversion"}
{"level":"debug","datetime":"2026-02-20T06:22:19.175Z","message":"HSM raw data","data":[{"iv":25599.5,"tvalue":1771568538,"cng":145.15,"nc":0.57,"name":"if","tk":"Nifty 50","e":"nse_cm"}],"functionName":"conversion"}
{"level":"debug","datetime":"2026-02-20T06:22:19.585Z","message":"HSM raw data","data":[{"iv":25600.35,"cng":146,"nc":0.57,"name":"if","tk":"Nifty 50","e":"nse_cm"}],"functionName":"conversion"}
{"level":"debug","datetime":"2026-02-20T06:22:20.030Z","message":"HSM raw data","data":[{"iv":25600.5,"tvalue":1771568539,"cng":146.15,"nc":0.57,"name":"if","tk":"Nifty 50","e":"nse_cm"}],"functionName":"conversion"}
{"level":"debug","datetime":"2026-02-20T06:22:20.773Z","message":"HSM raw data","data":[{"iv":25599.4,"cng":145.05,"nc":0.57,"name":"if","tk":"Nifty 50","e":"nse_cm"}],"functionName":"conversion"}
{"level":"debug","datetime":"2026-02-20T06:22:21.639Z","message":"HSM raw data","data":[{"iv":25598.95,"tvalue":1771568540,"cng":144.6,"nc":0.57,"name":"if","tk":"Nifty 50","e":"nse_cm"}],"functionName":"conversion"}
{"level":"debug","datetime":"2026-02-20T06:22:22.042Z","message":"HSM raw data","data":[{"iv":25598.65,"tvalue":1771568541,"cng":144.3,"nc":0.57,"name":"if","tk":"Nifty 50","e":"nse_cm"}],"functionName":"conversion"}
{"level":"debug","datetime":"2026-02-20T06:22:22.759Z","message":"HSM raw data","data":[{"iv":25599.15,"cng":144.8,"nc":0.57,"name":"if","tk":"Nifty 50","e":"nse_cm"}],"functionName":"conversion"}
{"level":"debug","datetime":"2026-02-20T06:22:23.271Z","message":"HSM raw data","data":[{"iv":25599.55,"tvalue":1771568542,"cng":145.2,"nc":0.57,"name":"if","tk":"Nifty 50","e":"nse_cm"}],"functionName":"conversion"}
{"level":"debug","datetime":"2026-02-20T06:22:23.681Z","message":"HSM raw data","data":[{"iv":25599.6,"cng":145.25,"nc":0.57,"name":"if","tk":"Nifty 50","e":"nse_cm"}],"functionName":"conversion"}
{"level":"debug","datetime":"2026-02-20T06:22:24.295Z","message":"HSM raw data","data":[{"iv":25600.35,"tvalue":1771568543,"cng":146,"nc":0.57,"name":"if","tk":"Nifty 50","e":"nse_cm"}],"functionName":"conversion"}
{"level":"debug","datetime":"2026-02-20T06:22:25.113Z","message":"HSM raw data","data":[{"iv":25600.25,"tvalue":1771568544,"cng":145.9,"nc":0.57,"name":"if","tk":"Nifty 50","e":"nse_cm"}],"functionName":"conversion"}
{"level":"debug","datetime":"2026-02-20T06:22:25.524Z","message":"HSM raw data","data":[{"iv":25600.05,"cng":145.7,"nc":0.57,"name":"if","tk":"Nifty 50","e":"nse_cm"}],"functionName":"conversion"}
{"level":"debug","datetime":"2026-02-20T06:22:26.137Z","message":"HSM raw data","data":[{"iv":25597.9,"tvalue":1771568545,"cng":143.55,"nc":0.56,"name":"if","tk":"Nifty 50","e":"nse_cm"}],"functionName":"conversion"}
{"level":"debug","datetime":"2026-02-20T06:22:26.417Z","message":"HSM raw data","data":[{"iv":25599.9,"cng":145.55,"nc":0.57,"name":"if","tk":"Nifty 50","e":"nse_cm"}],"functionName":"conversion"}
{"level":"debug","datetime":"2026-02-20T06:22:27.162Z","message":"HSM raw data","data":[{"iv":25599.45,"tvalue":1771568546,"cng":145.1,"nc":0.57,"name":"if","tk":"Nifty 50","e":"nse_cm"}],"functionName":"conversion"}
{"level":"debug","datetime":"2026-02-20T06:22:27.571Z","message":"HSM raw data","data":[{"iv":25599.1,"cng":144.75,"nc":0.57,"name":"if","tk":"Nifty 50","e":"nse_cm"}],"functionName":"conversion"}
{"level":"debug","datetime":"2026-02-20T06:22:27.981Z","message":"HSM raw data","data":[{"iv":25598.2,"tvalue":1771568547,"cng":143.85,"nc":0.57,"name":"if","tk":"Nifty 50","e":"nse_cm"}],"functionName":"conversion"}
{"level":"debug","datetime":"2026-02-20T06:22:28.697Z","message":"HSM raw data","data":[{"iv":25597.25,"tvalue":1771568548,"cng":142.9,"nc":0.56,"name":"if","tk":"Nifty 50","e":"nse_cm"}],"functionName":"conversion"}
{"level":"debug","datetime":"2026-02-20T06:22:29.620Z","message":"HSM raw data","data":[{"iv":25596.6,"cng":142.25,"nc":0.56,"name":"if","tk":"Nifty 50","e":"nse_cm"}],"functionName":"conversion"}
{"level":"debug","datetime":"2026-02-20T06:22:30.239Z","message":"HSM raw data","data":[{"iv":25596.05,"tvalue":1771568549,"cng":141.7,"nc":0.56,"name":"if","tk":"Nifty 50","e":"nse_cm"}],"functionName":"conversion"}
{"level":"debug","datetime":"2026-02-20T06:22:30.543Z","message":"HSM raw data","data":[{"iv":25596.65,"cng":142.3,"nc":0.56,"name":"if","tk":"Nifty 50","e":"nse_cm"}],"functionName":"conversion"}
{"level":"debug","datetime":"2026-02-20T06:22:31.259Z","message":"HSM raw data","data":[{"iv":25596.55,"tvalue":1771568550,"cng":142.2,"nc":0.56,"name":"if","tk":"Nifty 50","e":"nse_cm"}],"functionName":"conversion"}
{"level":"debug","datetime":"2026-02-20T06:22:31.668Z","message":"HSM raw data","data":[{"iv":25597.25,"cng":142.9,"nc":0.56,"name":"if","tk":"Nifty 50","e":"nse_cm"}],"functionName":"conversion"}
{"level":"debug","datetime":"2026-02-20T06:22:32.079Z","message":"HSM raw data","data":[{"iv":25597.35,"tvalue":1771568551,"cng":143,"nc":0.56,"name":"if","tk":"Nifty 50","e":"nse_cm"}],"functionName":"conversion"}
{"level":"debug","datetime":"2026-02-20T06:22:32.533Z","message":"HSM raw data","data":[{"iv":25596.1,"cng":141.75,"nc":0.56,"name":"if","tk":"Nifty 50","e":"nse_cm"}],"functionName":"conversion"}
{"level":"debug","datetime":"2026-02-20T06:22:33.306Z","message":"HSM raw data","data":[{"iv":25595.75,"tvalue":1771568552,"cng":141.4,"nc":0.56,"name":"if","tk":"Nifty 50","e":"nse_cm"}],"functionName":"conversion"}
{"level":"debug","datetime":"2026-02-20T06:22:33.921Z","message":"HSM raw data","data":[{"iv":25595.4,"cng":141.05,"nc":0.55,"name":"if","tk":"Nifty 50","e":"nse_cm"}],"functionName":"conversion"}
{"level":"debug","datetime":"2026-02-20T06:22:34.137Z","message":"HSM raw data","data":[{"iv":25595.75,"tvalue":1771568553,"cng":141.4,"nc":0.56,"name":"if","tk":"Nifty 50","e":"nse_cm"}],"functionName":"conversion"}
{"level":"debug","datetime":"2026-02-20T06:22:34.944Z","message":"HSM raw data","data":[{"iv":25596.4,"tvalue":1771568554,"cng":142.05,"nc":0.56,"name":"if","tk":"Nifty 50","e":"nse_cm"}],"functionName":"conversion"}
{"level":"debug","datetime":"2026-02-20T06:22:35.557Z","message":"HSM raw data","data":[{"iv":25595.6,"cng":141.25,"nc":0.55,"name":"if","tk":"Nifty 50","e":"nse_cm"}],"functionName":"conversion"}
{"level":"debug","datetime":"2026-02-20T06:22:35.968Z","message":"HSM raw data","data":[{"iv":25595.65,"tvalue":1771568555,"cng":141.3,"nc":0.56,"name":"if","tk":"Nifty 50","e":"nse_cm"}],"functionName":"conversion"}
{"level":"debug","datetime":"2026-02-20T06:22:36.581Z","message":"HSM raw data","data":[{"iv":25595.6,"cng":141.25,"nc":0.55,"name":"if","tk":"Nifty 50","e":"nse_cm"}],"functionName":"conversion"}
{"level":"debug","datetime":"2026-02-20T06:22:37.223Z","message":"HSM raw data","data":[{"iv":25595.45,"tvalue":1771568556,"cng":141.1,"nc":0.55,"name":"if","tk":"Nifty 50","e":"nse_cm"}],"functionName":"conversion"}
{"level":"debug","datetime":"2026-02-20T06:22:37.553Z","message":"HSM raw data","data":[{"iv":25596.2,"cng":141.85,"nc":0.56,"name":"if","tk":"Nifty 50","e":"nse_cm"}],"functionName":"conversion"}
{"level":"debug","datetime":"2026-02-20T06:22:38.007Z","message":"HSM raw data","data":[{"iv":25595.65,"tvalue":1771568557,"cng":141.3,"nc":0.56,"name":"if","tk":"Nifty 50","e":"nse_cm"}],"functionName":"conversion"}
{"level":"debug","datetime":"2026-02-20T06:22:38.454Z","message":"HSM raw data","data":[{"iv":25597.85,"cng":143.5,"nc":0.56,"name":"if","tk":"Nifty 50","e":"nse_cm"}],"functionName":"conversion"}
{"level":"debug","datetime":"2026-02-20T06:22:39.150Z","message":"HSM raw data","data":[{"iv":25597.1,"tvalue":1771568558,"cng":142.75,"nc":0.56,"name":"if","tk":"Nifty 50","e":"nse_cm"}],"functionName":"conversion"}
{"level":"debug","datetime":"2026-02-20T06:22:39.655Z","message":"HSM raw data","data":[{"iv":25597.05,"cng":142.7,"nc":0.56,"name":"if","tk":"Nifty 50","e":"nse_cm"}],"functionName":"conversion"}
{"level":"debug","datetime":"2026-02-20T06:22:40.473Z","message":"HSM raw data","data":[{"iv":25596.75,"tvalue":1771568559,"cng":142.4,"nc":0.56,"name":"if","tk":"Nifty 50","e":"nse_cm"}],"functionName":"conversion"}
{"level":"debug","datetime":"2026-02-20T06:22:41.189Z","message":"HSM raw data","data":[{"iv":25596.4,"tvalue":1771568560,"cng":142.05,"nc":0.56,"name":"if","tk":"Nifty 50","e":"nse_cm"}],"functionName":"conversion"}
{"level":"debug","datetime":"2026-02-20T06:22:41.557Z","message":"HSM raw data","data":[{"iv":25597,"cng":142.65,"nc":0.56,"name":"if","tk":"Nifty 50","e":"nse_cm"}],"functionName":"conversion"}
{"level":"debug","datetime":"2026-02-20T06:22:42.112Z","message":"HSM raw data","data":[{"iv":25596.25,"tvalue":1771568561,"cng":141.9,"nc":0.56,"name":"if","tk":"Nifty 50","e":"nse_cm"}],"functionName":"conversion"}
{"level":"debug","datetime":"2026-02-20T06:22:42.445Z","message":"HSM raw data","data":[{"iv":25594.6,"cng":140.25,"nc":0.55,"name":"if","tk":"Nifty 50","e":"nse_cm"}],"functionName":"conversion"}
{"level":"debug","datetime":"2026-02-20T06:22:43.144Z","message":"HSM raw data","data":[{"iv":25594.95,"tvalue":1771568562,"cng":140.6,"nc":0.55,"name":"if","tk":"Nifty 50","e":"nse_cm"}],"functionName":"conversion"}
{"level":"debug","datetime":"2026-02-20T06:22:43.750Z","message":"HSM raw data","data":[{"iv":25594.9,"cng":140.55,"nc":0.55,"name":"if","tk":"Nifty 50","e":"nse_cm"}],"functionName":"conversion"}
{"level":"debug","datetime":"2026-02-20T06:22:44.057Z","message":"HSM raw data","data":[{"iv":25595,"tvalue":1771568563,"cng":140.65,"nc":0.55,"name":"if","tk":"Nifty 50","e":"nse_cm"}],"functionName":"conversion"}
{"level":"debug","datetime":"2026-02-20T06:22:44.570Z","message":"HSM raw data","data":[{"iv":25594.75,"cng":140.4,"nc":0.55,"name":"if","tk":"Nifty 50","e":"nse_cm"}],"functionName":"conversion"}
{"level":"debug","datetime":"2026-02-20T06:22:45.285Z","message":"HSM raw data","data":[{"iv":25595.3,"tvalue":1771568564,"cng":140.95,"nc":0.55,"name":"if","tk":"Nifty 50","e":"nse_cm"}],"functionName":"conversion"}
{"level":"debug","datetime":"2026-02-20T06:22:45.743Z","message":"HSM raw data","data":[{"iv":25595.8,"cng":141.45,"nc":0.56,"name":"if","tk":"Nifty 50","e":"nse_cm"}],"functionName":"conversion"}
{"level":"debug","datetime":"2026-02-20T06:22:46.120Z","message":"HSM raw data","data":[{"iv":25596.05,"tvalue":1771568565,"cng":141.7,"nc":0.56,"name":"if","tk":"Nifty 50","e":"nse_cm"}],"functionName":"conversion"}
{"level":"debug","datetime":"2026-02-20T06:22:46.815Z","message":"HSM raw data","data":[{"iv":25595.45,"tvalue":1771568566,"cng":141.1,"nc":0.55,"name":"if","tk":"Nifty 50","e":"nse_cm"}],"functionName":"conversion"}
{"level":"debug","datetime":"2026-02-20T06:22:47.646Z","message":"HSM raw data","data":[{"iv":25596.05,"cng":141.7,"nc":0.56,"name":"if","tk":"Nifty 50","e":"nse_cm"}],"functionName":"conversion"}
{"level":"debug","datetime":"2026-02-20T06:22:48.152Z","message":"HSM raw data","data":[{"iv":25595.85,"tvalue":1771568567,"cng":141.5,"nc":0.56,"name":"if","tk":"Nifty 50","e":"nse_cm"}],"functionName":"conversion"}
{"level":"debug","datetime":"2026-02-20T06:22:48.563Z","message":"HSM raw data","data":[{"iv":25596.15,"cng":141.8,"nc":0.56,"name":"if","tk":"Nifty 50","e":"nse_cm"}],"functionName":"conversion"}
{"level":"debug","datetime":"2026-02-20T06:22:49.022Z","message":"HSM raw data","data":[{"iv":25595.3,"tvalue":1771568568,"cng":140.95,"nc":0.55,"name":"if","tk":"Nifty 50","e":"nse_cm"}],"functionName":"conversion"}
{"level":"debug","datetime":"2026-02-20T06:22:49.792Z","message":"HSM raw data","data":[{"iv":25596.35,"cng":142,"nc":0.56,"name":"if","tk":"Nifty 50","e":"nse_cm"}],"functionName":"conversion"}
{"level":"debug","datetime":"2026-02-20T06:22:50.202Z","message":"HSM raw data","data":[{"iv":25596.5,"tvalue":1771568569,"cng":142.15,"nc":0.56,"name":"if","tk":"Nifty 50","e":"nse_cm"}],"functionName":"conversion"}
{"level":"debug","datetime":"2026-02-20T06:22:58.032Z","message":"HSM raw data","data":[{"stat":"Ok","type":"cn","msg":"successful","stCode":200}],"functionName":"conversion"}
{"level":"debug","datetime":"2026-02-20T06:22:58.727Z","message":"HSM raw data","data":[{"stat":"Ok","type":"lit","msg":"successful","stCode":200}],"functionName":"conversion"}
{"level":"debug","datetime":"2026-02-20T06:22:58.728Z","message":"HSM raw data","data":[{"stat":"Ok","type":"sub","msg":"successful","stCode":200}],"functionName":"conversion"}
{"level":"debug","datetime":"2026-02-20T06:22:58.728Z","message":"HSM raw data","data":[{"stat":"Ok","type":"cr","msg":"successful","stCode":200}],"functionName":"conversion"}
{"level":"debug","datetime":"2026-02-20T06:22:58.728Z","message":"HSM raw data","data":[{"stat":"Ok","type":"cp","msg":"successful","stCode":200}],"functionName":"conversion"}
{"level":"debug","datetime":"2026-02-20T06:22:59.007Z","message":"HSM raw data","data":[{"iv":25596.65,"ic":25454.35,"tvalue":1771568578,"highPrice":25620.7,"lowPrice":25379.75,"openingPrice":25406.55,"cng":142.3,"nc":0.56,"ts":"Nifty 50","name":"if","tk":"Nifty 50","e":"nse_cm"}],"functionName":"conversion"}
{"level":"debug","datetime":"2026-02-20T06:22:59.795Z","message":"HSM raw data","data":[{"iv":25596.15,"cng":141.8,"nc":0.56,"name":"if","tk":"Nifty 50","e":"nse_cm"}],"functionName":"conversion"}
{"level":"debug","datetime":"2026-02-20T06:23:00.249Z","message":"HSM raw data","data":[{"iv":25597.25,"tvalue":1771568579,"cng":142.9,"nc":0.56,"name":"if","tk":"Nifty 50","e":"nse_cm"}],"functionName":"conversion"}
{"level":"debug","datetime":"2026-02-20T06:23:00.708Z","message":"HSM raw data","data":[{"iv":25597.7,"cng":143.35,"nc":0.56,"name":"if","tk":"Nifty 50","e":"nse_cm"}],"functionName":"conversion"}
{"level":"debug","datetime":"2026-02-20T06:23:01.146Z","message":"HSM raw data","data":[{"iv":25597.55,"tvalue":1771568580,"cng":143.2,"nc":0.56,"name":"if","tk":"Nifty 50","e":"nse_cm"}],"functionName":"conversion"}
{"level":"debug","datetime":"2026-02-20T06:23:01.714Z","message":"HSM raw data","data":[{"iv":25598.5,"cng":144.15,"nc":0.57,"name":"if","tk":"Nifty 50","e":"nse_cm"}],"functionName":"conversion"}
{"level":"debug","datetime":"2026-02-20T06:23:02.077Z","message":"HSM raw data","data":[{"iv":25599.05,"tvalue":1771568581,"cng":144.7,"nc":0.57,"name":"if","tk":"Nifty 50","e":"nse_cm"}],"functionName":"conversion"}
{"level":"debug","datetime":"2026-02-20T06:23:02.536Z","message":"HSM raw data","data":[{"iv":25597.35,"cng":143,"nc":0.56,"name":"if","tk":"Nifty 50","e":"nse_cm"}],"functionName":"conversion"}
{"level":"debug","datetime":"2026-02-20T06:23:03.359Z","message":"HSM raw data","data":[{"iv":25597.5,"tvalue":1771568582,"cng":143.15,"nc":0.56,"name":"if","tk":"Nifty 50","e":"nse_cm"}],"functionName":"conversion"}
{"level":"debug","datetime":"2026-02-20T06:23:04.125Z","message":"HSM raw data","data":[{"iv":25597.75,"tvalue":1771568583,"cng":143.4,"nc":0.56,"name":"if","tk":"Nifty 50","e":"nse_cm"}],"functionName":"conversion"}
{"level":"debug","datetime":"2026-02-20T06:23:04.602Z","message":"HSM raw data","data":[{"iv":25597.35,"cng":143,"nc":0.56,"name":"if","tk":"Nifty 50","e":"nse_cm"}],"functionName":"conversion"}
{"level":"debug","datetime":"2026-02-20T06:23:05.000Z","message":"HSM raw data","data":[{"iv":25596.8,"tvalue":1771568584,"cng":142.45,"nc":0.56,"name":"if","tk":"Nifty 50","e":"nse_cm"}],"functionName":"conversion"}
{"level":"debug","datetime":"2026-02-20T06:23:05.696Z","message":"HSM raw data","data":[{"iv":25597.05,"cng":142.7,"nc":0.56,"name":"if","tk":"Nifty 50","e":"nse_cm"}],"functionName":"conversion"}
{"level":"debug","datetime":"2026-02-20T06:23:06.307Z","message":"HSM raw data","data":[{"iv":25597.4,"tvalue":1771568585,"cng":143.05,"nc":0.56,"name":"if","tk":"Nifty 50","e":"nse_cm"}],"functionName":"conversion"}
{"level":"debug","datetime":"2026-02-20T06:23:06.686Z","message":"HSM raw data","data":[{"iv":25598.55,"cng":144.2,"nc":0.57,"name":"if","tk":"Nifty 50","e":"nse_cm"}],"functionName":"conversion"}
{"level":"debug","datetime":"2026-02-20T06:23:07.095Z","message":"HSM raw data","data":[{"iv":25598.75,"tvalue":1771568586,"cng":144.4,"nc":0.57,"name":"if","tk":"Nifty 50","e":"nse_cm"}],"functionName":"conversion"}
{"level":"debug","datetime":"2026-02-20T06:23:07.813Z","message":"HSM raw data","data":[{"iv":25599.15,"cng":144.8,"nc":0.57,"name":"if","tk":"Nifty 50","e":"nse_cm"}],"functionName":"conversion"}
{"level":"debug","datetime":"2026-02-20T06:23:08.196Z","message":"HSM raw data","data":[{"iv":25598.3,"tvalue":1771568587,"cng":143.95,"nc":0.57,"name":"if","tk":"Nifty 50","e":"nse_cm"}],"functionName":"conversion"}
{"level":"debug","datetime":"2026-02-20T06:23:08.642Z","message":"HSM raw data","data":[{"iv":25598.8,"cng":144.45,"nc":0.57,"name":"if","tk":"Nifty 50","e":"nse_cm"}],"functionName":"conversion"}
{"level":"debug","datetime":"2026-02-20T06:23:09.551Z","message":"HSM raw data","data":[{"iv":25598.4,"tvalue":1771568588,"cng":144.05,"nc":0.57,"name":"if","tk":"Nifty 50","e":"nse_cm"}],"functionName":"conversion"}
{"level":"debug","datetime":"2026-02-20T06:23:10.062Z","message":"HSM raw data","data":[{"iv":25599,"tvalue":1771568589,"cng":144.65,"nc":0.57,"name":"if","tk":"Nifty 50","e":"nse_cm"}],"functionName":"conversion"}
{"level":"debug","datetime":"2026-02-20T06:23:10.576Z","message":"HSM raw data","data":[{"iv":25598.45,"cng":144.1,"nc":0.57,"name":"if","tk":"Nifty 50","e":"nse_cm"}],"functionName":"conversion"}
{"level":"debug","datetime":"2026-02-20T06:23:11.806Z","message":"HSM raw data","data":[{"iv":25599.45,"tvalue":1771568590,"cng":145.1,"nc":0.57,"name":"if","tk":"Nifty 50","e":"nse_cm"}],"functionName":"conversion"}
{"level":"debug","datetime":"2026-02-20T06:23:12.214Z","message":"HSM raw data","data":[{"iv":25599.65,"tvalue":1771568591,"cng":145.3,"nc":0.57,"name":"if","tk":"Nifty 50","e":"nse_cm"}],"functionName":"conversion"}
{"level":"debug","datetime":"2026-02-20T06:23:12.653Z","message":"HSM raw data","data":[{"iv":25598.75,"cng":144.4,"nc":0.57,"name":"if","tk":"Nifty 50","e":"nse_cm"}],"functionName":"conversion"}
{"level":"debug","datetime":"2026-02-20T06:23:13.094Z","message":"HSM raw data","data":[{"iv":25598.9,"tvalue":1771568592,"cng":144.55,"nc":0.57,"name":"if","tk":"Nifty 50","e":"nse_cm"}],"functionName":"conversion"}
{"level":"debug","datetime":"2026-02-20T06:23:13.751Z","message":"HSM raw data","data":[{"iv":25598.8,"tvalue":1771568593,"cng":144.45,"nc":0.57,"name":"if","tk":"Nifty 50","e":"nse_cm"}],"functionName":"conversion"}
{"level":"debug","datetime":"2026-02-20T06:23:14.673Z","message":"HSM raw data","data":[{"iv":25598.2,"cng":143.85,"nc":0.57,"name":"if","tk":"Nifty 50","e":"nse_cm"}],"functionName":"conversion"}
{"level":"debug","datetime":"2026-02-20T06:23:15.081Z","message":"HSM raw data","data":[{"iv":25598.3,"tvalue":1771568594,"cng":143.95,"nc":0.57,"name":"if","tk":"Nifty 50","e":"nse_cm"}],"functionName":"conversion"}
{"level":"debug","datetime":"2026-02-20T06:23:16.090Z","message":"HSM raw data","data":[{"iv":25599,"tvalue":1771568595,"cng":144.65,"nc":0.57,"name":"if","tk":"Nifty 50","e":"nse_cm"}],"functionName":"conversion"}
{"level":"debug","datetime":"2026-02-20T06:23:16.545Z","message":"HSM raw data","data":[{"iv":25598.45,"cng":144.1,"nc":0.57,"name":"if","tk":"Nifty 50","e":"nse_cm"}],"functionName":"conversion"}
{"level":"debug","datetime":"2026-02-20T06:23:17.027Z","message":"HSM raw data","data":[{"iv":25598.8,"tvalue":1771568596,"cng":144.45,"nc":0.57,"name":"if","tk":"Nifty 50","e":"nse_cm"}],"functionName":"conversion"}
{"level":"debug","datetime":"2026-02-20T06:23:17.539Z","message":"HSM raw data","data":[{"iv":25597.05,"cng":142.7,"nc":0.56,"name":"if","tk":"Nifty 50","e":"nse_cm"}],"functionName":"conversion"}
{"level":"debug","datetime":"2026-02-20T06:23:18.130Z","message":"HSM raw data","data":[{"iv":25597.35,"tvalue":1771568597,"cng":143,"nc":0.56,"name":"if","tk":"Nifty 50","e":"nse_cm"}],"functionName":"conversion"}
{"level":"debug","datetime":"2026-02-20T06:23:18.769Z","message":"HSM raw data","data":[{"iv":25597.25,"cng":142.9,"nc":0.56,"name":"if","tk":"Nifty 50","e":"nse_cm"}],"functionName":"conversion"}
{"level":"debug","datetime":"2026-02-20T06:23:19.075Z","message":"HSM raw data","data":[{"iv":25597.5,"tvalue":1771568598,"cng":143.15,"nc":0.56,"name":"if","tk":"Nifty 50","e":"nse_cm"}],"functionName":"conversion"}
{"level":"debug","datetime":"2026-02-20T06:23:19.998Z","message":"HSM raw data","data":[{"tvalue":1771568599,"name":"if","tk":"Nifty 50","e":"nse_cm"}],"functionName":"conversion"}
{"level":"debug","datetime":"2026-02-20T06:23:20.727Z","message":"HSM raw data","data":[{"iv":25597.6,"cng":143.25,"nc":0.56,"name":"if","tk":"Nifty 50","e":"nse_cm"}],"functionName":"conversion"}
{"level":"debug","datetime":"2026-02-20T06:23:21.153Z","message":"HSM raw data","data":[{"iv":25597.75,"tvalue":1771568600,"cng":143.4,"nc":0.56,"name":"if","tk":"Nifty 50","e":"nse_cm"}],"functionName":"conversion"}
{"level":"debug","datetime":"2026-02-20T06:23:21.646Z","message":"HSM raw data","data":[{"iv":25597.1,"cng":142.75,"nc":0.56,"name":"if","tk":"Nifty 50","e":"nse_cm"}],"functionName":"conversion"}
{"level":"debug","datetime":"2026-02-20T06:23:22.455Z","message":"HSM raw data","data":[{"iv":25597.3,"tvalue":1771568601,"cng":142.95,"nc":0.56,"name":"if","tk":"Nifty 50","e":"nse_cm"}],"functionName":"conversion"}
{"level":"debug","datetime":"2026-02-20T06:23:22.691Z","message":"HSM raw data","data":[{"iv":25596.45,"cng":142.1,"nc":0.56,"name":"if","tk":"Nifty 50","e":"nse_cm"}],"functionName":"conversion"}
{"level":"debug","datetime":"2026-02-20T06:23:23.478Z","message":"HSM raw data","data":[{"iv":25596.2,"tvalue":1771568602,"cng":141.85,"nc":0.56,"name":"if","tk":"Nifty 50","e":"nse_cm"}],"functionName":"conversion"}
{"level":"debug","datetime":"2026-02-20T06:23:24.166Z","message":"HSM raw data","data":[{"iv":25596.3,"tvalue":1771568603,"cng":141.95,"nc":0.56,"name":"if","tk":"Nifty 50","e":"nse_cm"}],"functionName":"conversion"}
{"level":"debug","datetime":"2026-02-20T06:23:24.542Z","message":"HSM raw data","data":[{"iv":25595.85,"cng":141.5,"nc":0.56,"name":"if","tk":"Nifty 50","e":"nse_cm"}],"functionName":"conversion"}
{"level":"debug","datetime":"2026-02-20T06:23:25.116Z","message":"HSM raw data","data":[{"iv":25596.3,"tvalue":1771568604,"cng":141.95,"nc":0.56,"name":"if","tk":"Nifty 50","e":"nse_cm"}],"functionName":"conversion"}
{"level":"debug","datetime":"2026-02-20T06:23:26.142Z","message":"HSM raw data","data":[{"iv":25596.15,"tvalue":1771568605,"cng":141.8,"nc":0.56,"name":"if","tk":"Nifty 50","e":"nse_cm"}],"functionName":"conversion"}
{"level":"debug","datetime":"2026-02-20T06:23:26.755Z","message":"HSM raw data","data":[{"iv":25596.45,"cng":142.1,"nc":0.56,"name":"if","tk":"Nifty 50","e":"nse_cm"}],"functionName":"conversion"}
{"level":"debug","datetime":"2026-02-20T06:23:27.165Z","message":"HSM raw data","data":[{"iv":25596.75,"tvalue":1771568606,"cng":142.4,"nc":0.56,"name":"if","tk":"Nifty 50","e":"nse_cm"}],"functionName":"conversion"}
{"level":"debug","datetime":"2026-02-20T06:23:27.647Z","message":"HSM raw data","data":[{"iv":25596.25,"cng":141.9,"nc":0.56,"name":"if","tk":"Nifty 50","e":"nse_cm"}],"functionName":"conversion"}
{"level":"debug","datetime":"2026-02-20T06:23:28.395Z","message":"HSM raw data","data":[{"iv":25596,"tvalue":1771568607,"cng":141.65,"nc":0.56,"name":"if","tk":"Nifty 50","e":"nse_cm"}],"functionName":"conversion"}
{"level":"debug","datetime":"2026-02-20T06:23:28.804Z","message":"HSM raw data","data":[{"iv":25595.55,"cng":141.2,"nc":0.55,"name":"if","tk":"Nifty 50","e":"nse_cm"}],"functionName":"conversion"}
{"level":"debug","datetime":"2026-02-20T06:23:29.624Z","message":"HSM raw data","data":[{"iv":25595.1,"tvalue":1771568608,"cng":140.75,"nc":0.55,"name":"if","tk":"Nifty 50","e":"nse_cm"}],"functionName":"conversion"}
{"level":"debug","datetime":"2026-02-20T06:23:30.236Z","message":"HSM raw data","data":[{"iv":25595.6,"tvalue":1771568609,"cng":141.25,"nc":0.55,"name":"if","tk":"Nifty 50","e":"nse_cm"}],"functionName":"conversion"}
{"level":"debug","datetime":"2026-02-20T06:23:30.646Z","message":"HSM raw data","data":[{"iv":25595.8,"cng":141.45,"nc":0.56,"name":"if","tk":"Nifty 50","e":"nse_cm"}],"functionName":"conversion"}
{"level":"debug","datetime":"2026-02-20T06:23:31.261Z","message":"HSM raw data","data":[{"iv":25594.95,"tvalue":1771568610,"cng":140.6,"nc":0.55,"name":"if","tk":"Nifty 50","e":"nse_cm"}],"functionName":"conversion"}
{"level":"debug","datetime":"2026-02-20T06:23:31.875Z","message":"HSM raw data","data":[{"iv":25597.35,"tvalue":1771568611,"cng":143,"nc":0.56,"name":"if","tk":"Nifty 50","e":"nse_cm"}],"functionName":"conversion"}
{"level":"debug","datetime":"2026-02-20T06:23:32.696Z","message":"HSM raw data","data":[{"iv":25595.6,"cng":141.25,"nc":0.55,"name":"if","tk":"Nifty 50","e":"nse_cm"}],"functionName":"conversion"}
{"level":"debug","datetime":"2026-02-20T06:23:33.086Z","message":"HSM raw data","data":[{"iv":25596.1,"tvalue":1771568612,"cng":141.75,"nc":0.56,"name":"if","tk":"Nifty 50","e":"nse_cm"}],"functionName":"conversion"}
{"level":"debug","datetime":"2026-02-20T06:23:33.615Z","message":"HSM raw data","data":[{"iv":25595.7,"cng":141.35,"nc":0.56,"name":"if","tk":"Nifty 50","e":"nse_cm"}],"functionName":"conversion"}
{"level":"debug","datetime":"2026-02-20T06:23:34.492Z","message":"HSM raw data","data":[{"iv":25596.15,"tvalue":1771568613,"cng":141.8,"nc":0.56,"name":"if","tk":"Nifty 50","e":"nse_cm"}],"functionName":"conversion"}
{"level":"debug","datetime":"2026-02-20T06:23:34.741Z","message":"HSM raw data","data":[{"iv":25596.2,"cng":141.85,"nc":0.56,"name":"if","tk":"Nifty 50","e":"nse_cm"}],"functionName":"conversion"}
{"level":"debug","datetime":"2026-02-20T06:23:35.153Z","message":"HSM raw data","data":[{"iv":25595.8,"tvalue":1771568614,"cng":141.45,"nc":0.56,"name":"if","tk":"Nifty 50","e":"nse_cm"}],"functionName":"conversion"}
{"level":"debug","datetime":"2026-02-20T06:23:35.663Z","message":"HSM raw data","data":[{"iv":25595.9,"cng":141.55,"nc":0.56,"name":"if","tk":"Nifty 50","e":"nse_cm"}],"functionName":"conversion"}
{"level":"debug","datetime":"2026-02-20T06:23:36.585Z","message":"HSM raw data","data":[{"iv":25596.6,"tvalue":1771568615,"cng":142.25,"nc":0.56,"name":"if","tk":"Nifty 50","e":"nse_cm"}],"functionName":"conversion"}
{"level":"debug","datetime":"2026-02-20T06:23:37.099Z","message":"HSM raw data","data":[{"iv":25596.85,"tvalue":1771568616,"cng":142.5,"nc":0.56,"name":"if","tk":"Nifty 50","e":"nse_cm"}],"functionName":"conversion"}
{"level":"debug","datetime":"2026-02-20T06:23:38.020Z","message":"HSM raw data","data":[{"iv":25595.85,"tvalue":1771568617,"cng":141.5,"nc":0.56,"name":"if","tk":"Nifty 50","e":"nse_cm"}],"functionName":"conversion"}
{"level":"debug","datetime":"2026-02-20T06:23:38.637Z","message":"HSM raw data","data":[{"iv":25596.15,"cng":141.8,"nc":0.56,"name":"if","tk":"Nifty 50","e":"nse_cm"}],"functionName":"conversion"}
{"level":"debug","datetime":"2026-02-20T06:23:39.147Z","message":"HSM raw data","data":[{"iv":25596.65,"tvalue":1771568618,"cng":142.3,"nc":0.56,"name":"if","tk":"Nifty 50","e":"nse_cm"}],"functionName":"conversion"}
{"level":"debug","datetime":"2026-02-20T06:23:39.492Z","message":"HSM raw data","data":[{"iv":25596.5,"cng":142.15,"nc":0.56,"name":"if","tk":"Nifty 50","e":"nse_cm"}],"functionName":"conversion"}
{"level":"debug","datetime":"2026-02-20T06:23:40.067Z","message":"HSM raw data","data":[{"iv":25596.7,"tvalue":1771568619,"cng":142.35,"nc":0.56,"name":"if","tk":"Nifty 50","e":"nse_cm"}],"functionName":"conversion"}
{"level":"debug","datetime":"2026-02-20T06:23:40.681Z","message":"HSM raw data","data":[{"iv":25597.4,"cng":143.05,"nc":0.56,"name":"if","tk":"Nifty 50","e":"nse_cm"}],"functionName":"conversion"}
{"level":"debug","datetime":"2026-02-20T06:23:41.091Z","message":"HSM raw data","data":[{"iv":25597.6,"tvalue":1771568620,"cng":143.25,"nc":0.56,"name":"if","tk":"Nifty 50","e":"nse_cm"}],"functionName":"conversion"}
{"level":"debug","datetime":"2026-02-20T06:23:41.705Z","message":"HSM raw data","data":[{"iv":25597.35,"cng":143,"nc":0.56,"name":"if","tk":"Nifty 50","e":"nse_cm"}],"functionName":"conversion"}
{"level":"debug","datetime":"2026-02-20T06:23:42.321Z","message":"HSM raw data","data":[{"iv":25596.15,"tvalue":1771568621,"cng":141.8,"nc":0.56,"name":"if","tk":"Nifty 50","e":"nse_cm"}],"functionName":"conversion"}
{"level":"debug","datetime":"2026-02-20T06:23:43.153Z","message":"HSM raw data","data":[{"iv":25596.95,"tvalue":1771568622,"cng":142.6,"nc":0.56,"name":"if","tk":"Nifty 50","e":"nse_cm"}],"functionName":"conversion"}
{"level":"debug","datetime":"2026-02-20T06:23:43.754Z","message":"HSM raw data","data":[{"iv":25596.5,"cng":142.15,"nc":0.56,"name":"if","tk":"Nifty 50","e":"nse_cm"}],"functionName":"conversion"}
{"level":"debug","datetime":"2026-02-20T06:23:44.162Z","message":"HSM raw data","data":[{"iv":25597,"tvalue":1771568623,"cng":142.65,"nc":0.56,"name":"if","tk":"Nifty 50","e":"nse_cm"}],"functionName":"conversion"}
{"level":"debug","datetime":"2026-02-20T06:23:44.779Z","message":"HSM raw data","data":[{"iv":25596.65,"cng":142.3,"nc":0.56,"name":"if","tk":"Nifty 50","e":"nse_cm"}],"functionName":"conversion"}
{"level":"debug","datetime":"2026-02-20T06:23:45.243Z","message":"HSM raw data","data":[{"iv":25596.55,"tvalue":1771568624,"cng":142.2,"nc":0.56,"name":"if","tk":"Nifty 50","e":"nse_cm"}],"functionName":"conversion"}
{"level":"debug","datetime":"2026-02-20T06:23:45.805Z","message":"HSM raw data","data":[{"iv":25597,"cng":142.65,"nc":0.56,"name":"if","tk":"Nifty 50","e":"nse_cm"}],"functionName":"conversion"}
{"level":"debug","datetime":"2026-02-20T06:23:46.417Z","message":"HSM raw data","data":[{"iv":25596.25,"tvalue":1771568625,"cng":141.9,"nc":0.56,"name":"if","tk":"Nifty 50","e":"nse_cm"}],"functionName":"conversion"}
{"level":"debug","datetime":"2026-02-20T06:23:46.826Z","message":"HSM raw data","data":[{"iv":25596.6,"cng":142.25,"nc":0.56,"name":"if","tk":"Nifty 50","e":"nse_cm"}],"functionName":"conversion"}
{"level":"debug","datetime":"2026-02-20T06:23:47.256Z","message":"HSM raw data","data":[{"iv":25596.15,"tvalue":1771568626,"cng":141.8,"nc":0.56,"name":"if","tk":"Nifty 50","e":"nse_cm"}],"functionName":"conversion"}
{"level":"debug","datetime":"2026-02-20T06:23:47.851Z","message":"HSM raw data","data":[{"iv":25595.75,"cng":141.4,"nc":0.56,"name":"if","tk":"Nifty 50","e":"nse_cm"}],"functionName":"conversion"}
{"level":"debug","datetime":"2026-02-20T06:23:48.464Z","message":"HSM raw data","data":[{"iv":25596.45,"tvalue":1771568627,"cng":142.1,"nc":0.56,"name":"if","tk":"Nifty 50","e":"nse_cm"}],"functionName":"conversion"}
{"level":"debug","datetime":"2026-02-20T06:23:49.282Z","message":"HSM raw data","data":[{"iv":25596.35,"tvalue":1771568628,"cng":142,"nc":0.56,"name":"if","tk":"Nifty 50","e":"nse_cm"}],"functionName":"conversion"}
{"level":"debug","datetime":"2026-02-20T06:23:49.555Z","message":"HSM raw data","data":[{"iv":25596.3,"cng":141.95,"nc":0.56,"name":"if","tk":"Nifty 50","e":"nse_cm"}],"functionName":"conversion"}
{"level":"debug","datetime":"2026-02-20T06:23:50.096Z","message":"HSM raw data","data":[{"iv":25596.75,"tvalue":1771568629,"cng":142.4,"nc":0.56,"name":"if","tk":"Nifty 50","e":"nse_cm"}],"functionName":"conversion"}
{"level":"debug","datetime":"2026-02-20T06:23:50.717Z","message":"HSM raw data","data":[{"iv":25596.5,"cng":142.15,"nc":0.56,"name":"if","tk":"Nifty 50","e":"nse_cm"}],"functionName":"conversion"}
{"level":"debug","datetime":"2026-02-20T06:23:51.160Z","message":"HSM raw data","data":[{"iv":25596.25,"tvalue":1771568630,"cng":141.9,"nc":0.56,"name":"if","tk":"Nifty 50","e":"nse_cm"}],"functionName":"conversion"}
{"level":"debug","datetime":"2026-02-20T06:23:51.609Z","message":"HSM raw data","data":[{"iv":25597.1,"cng":142.75,"nc":0.56,"name":"if","tk":"Nifty 50","e":"nse_cm"}],"functionName":"conversion"}
{"level":"debug","datetime":"2026-02-20T06:23:52.150Z","message":"HSM raw data","data":[{"iv":25597.25,"tvalue":1771568631,"cng":142.9,"nc":0.56,"name":"if","tk":"Nifty 50","e":"nse_cm"}],"functionName":"conversion"}
{"level":"debug","datetime":"2026-02-20T06:23:52.969Z","message":"HSM raw data","data":[{"iv":25596.5,"cng":142.15,"nc":0.56,"name":"if","tk":"Nifty 50","e":"nse_cm"}],"functionName":"conversion"}
{"level":"debug","datetime":"2026-02-20T06:23:53.277Z","message":"HSM raw data","data":[{"iv":25596.8,"tvalue":1771568632,"cng":142.45,"nc":0.56,"name":"if","tk":"Nifty 50","e":"nse_cm"}],"functionName":"conversion"}
{"level":"debug","datetime":"2026-02-20T06:23:54.198Z","message":"HSM raw data","data":[{"iv":25596.35,"cng":142,"nc":0.56,"name":"if","tk":"Nifty 50","e":"nse_cm"}],"functionName":"conversion"}
{"level":"debug","datetime":"2026-02-20T06:23:54.402Z","message":"HSM raw data","data":[{"iv":25595.25,"tvalue":1771568633,"cng":140.9,"nc":0.55,"name":"if","tk":"Nifty 50","e":"nse_cm"}],"functionName":"conversion"}
{"level":"debug","datetime":"2026-02-20T06:23:55.064Z","message":"HSM raw data","data":[{"iv":25595.65,"tvalue":1771568634,"cng":141.3,"nc":0.56,"name":"if","tk":"Nifty 50","e":"nse_cm"}],"functionName":"conversion"}
{"level":"debug","datetime":"2026-02-20T06:23:55.737Z","message":"HSM raw data","data":[{"iv":25595.1,"cng":140.75,"nc":0.55,"name":"if","tk":"Nifty 50","e":"nse_cm"}],"functionName":"conversion"}
{"level":"debug","datetime":"2026-02-20T06:23:55.966Z","message":"HSM raw data","data":[{"iv":25595.25,"tvalue":1771568635,"cng":140.9,"nc":0.55,"name":"if","tk":"Nifty 50","e":"nse_cm"}],"functionName":"conversion"}
{"level":"debug","datetime":"2026-02-20T06:23:56.669Z","message":"HSM raw data","data":[{"iv":25595,"cng":140.65,"nc":0.55,"name":"if","tk":"Nifty 50","e":"nse_cm"}],"functionName":"conversion"}
{"level":"debug","datetime":"2026-02-20T06:23:57.170Z","message":"HSM raw data","data":[{"iv":25594.85,"tvalue":1771568636,"cng":140.5,"nc":0.55,"name":"if","tk":"Nifty 50","e":"nse_cm"}],"functionName":"conversion"}
{"level":"debug","datetime":"2026-02-20T06:23:57.582Z","message":"HSM raw data","data":[{"iv":25594.7,"cng":140.35,"nc":0.55,"name":"if","tk":"Nifty 50","e":"nse_cm"}],"functionName":"conversion"}
{"level":"debug","datetime":"2026-02-20T06:23:58.033Z","message":"HSM raw data","data":[{"iv":25594.4,"tvalue":1771568637,"cng":140.05,"nc":0.55,"name":"if","tk":"Nifty 50","e":"nse_cm"}],"functionName":"conversion"}
{"level":"debug","datetime":"2026-02-20T06:23:58.721Z","message":"HSM raw data","data":[{"iv":25595,"cng":140.65,"nc":0.55,"name":"if","tk":"Nifty 50","e":"nse_cm"}],"functionName":"conversion"}
{"level":"debug","datetime":"2026-02-20T06:23:59.219Z","message":"HSM raw data","data":[{"iv":25594.9,"tvalue":1771568638,"cng":140.55,"nc":0.55,"name":"if","tk":"Nifty 50","e":"nse_cm"}],"functionName":"conversion"}
{"level":"debug","datetime":"2026-02-20T06:23:59.627Z","message":"HSM raw data","data":[{"iv":25594.4,"cng":140.05,"nc":0.55,"name":"if","tk":"Nifty 50","e":"nse_cm"}],"functionName":"conversion"}
{"level":"debug","datetime":"2026-02-20T06:24:00.348Z","message":"HSM raw data","data":[{"iv":25593.8,"tvalue":1771568639,"cng":139.45,"nc":0.55,"name":"if","tk":"Nifty 50","e":"nse_cm"}],"functionName":"conversion"}
{"level":"debug","datetime":"2026-02-20T06:24:00.488Z","message":"getOptionChain response","data":{"code":200,"data":{"callOi":248644175,"expiryData":[{"date":"24-02-2026","expiry":"1771927200"},{"date":"02-03-2026","expiry":"1772445600"},{"date":"10-03-2026","expiry":"1773136800"},{"date":"17-03-2026","expiry":"1773741600"},{"date":"24-03-2026","expiry":"1774346400"},{"date":"30-03-2026","expiry":"1774864800"},{"date":"28-04-2026","expiry":"1777370400"},{"date":"30-06-2026","expiry":"1782813600"},{"date":"29-09-2026","expiry":"1790676000"},{"date":"29-12-2026","expiry":"1798538400"},{"date":"29-06-2027","expiry":"1814263200"},{"date":"28-12-2027","expiry":"1829988000"},{"date":"27-06-2028","expiry":"1845712800"},{"date":"26-12-2028","expiry":"1861437600"},{"date":"26-06-2029","expiry":"1877162400"},{"date":"24-12-2029","expiry":"1892800800"},{"date":"25-06-2030","expiry":"1908612000"},{"date":"31-12-2030","expiry":"1924941600"}],"indiavixData":{"ask":0,"bid":0,"description":"INDIAVIX-INDEX","ex_symbol":"INDIAVIX","exchange":"NSE","fyToken":"101000000026017","ltp":14.35,"ltpch":0.89,"ltpchp":6.61,"option_type":"","strike_price":-1,"symbol":"NSE:INDIAVIX-INDEX"},"optionsChain":[{"ask":0,"bid":0,"description":"NIFTY50-INDEX","ex_symbol":"NIFTY","exchange":"NSE","fp":25612.8,"fpch":166.8,"fpchp":0.66,"fyToken":"101000000026000","ltp":25594.55,"ltpch":140.2,"ltpchp":0.55,"option_type":"","strike_price":-1,"symbol":"NSE:NIFTY50-INDEX"},{"ask":105.4,"bid":105.15,"fyToken":"101126022464855","ltp":105.3,"ltpch":-78.4,"ltpchp":-42.68,"oi":6576115,"oich":5151895,"oichp":361.73,"option_type":"PE","prev_oi":1424220,"strike_price":25550,"symbol":"NSE:NIFTY26FEB25550PE","volume":83203445},{"ask":170.85,"bid":170.5,"fyToken":"101126022464854","ltp":170.55,"ltpch":70.9,"ltpchp":71.15,"oi":4274335,"oich":1502015,"oichp":54.18,"option_type":"CE","prev_oi":2772320,"strike_price":25550,"symbol":"NSE:NIFTY26FEB25550CE","volume":144494480},{"ask":141.2,"bid":140.95,"fyToken":"101126022464856","ltp":141.05,"ltpch":61.15,"ltpchp":76.53,"oi":13485875,"oich":2086775,"oichp":18.31,"option_type":"CE","prev_oi":11399100,"strike_price":25600,"symbol":"NSE:NIFTY26FEB25600CE","volume":246293190},{"ask":125.65,"bid":125.4,"fyToken":"101126022464857","ltp":125.85,"ltpch":-93.85,"ltpchp":-42.72,"oi":10923250,"oich":7089870,"oichp":184.95,"option_type":"PE","prev_oi":3833380,"strike_price":25600,"symbol":"NSE:NIFTY26FEB25600PE","volume":99442330},{"ask":149.4,"bid":149.2,"fyToken":"101126022464859","ltp":149.25,"ltpch":-102.05,"ltpchp":-40.61,"oi":2624570,"oich":1681680,"oichp":178.35,"option_type":"PE","prev_oi":942890,"strike_price":25650,"symbol":"NSE:NIFTY26FEB25650PE","volume":23074740},{"ask":115.25,"bid":115,"fyToken":"101126022464858","ltp":115,"ltpch":49.8,"ltpchp":76.38,"oi":6710275,"oich":2607735,"oichp":63.56,"option_type":"CE","prev_oi":4102540,"strike_price":25650,"symbol":"NSE:NIFTY26FEB25650CE","volume":120520465}],"putOi":214578130},"message":"","s":"ok"},"functionName":"getOptionChain"}
{"level":"debug","datetime":"2026-02-20T06:24:00.761Z","message":"getOptionChain response","data":{"code":200,"data":{"callOi":248644175,"expiryData":[{"date":"24-02-2026","expiry":"1771927200"},{"date":"02-03-2026","expiry":"1772445600"},{"date":"10-03-2026","expiry":"1773136800"},{"date":"17-03-2026","expiry":"1773741600"},{"date":"24-03-2026","expiry":"1774346400"},{"date":"30-03-2026","expiry":"1774864800"},{"date":"28-04-2026","expiry":"1777370400"},{"date":"30-06-2026","expiry":"1782813600"},{"date":"29-09-2026","expiry":"1790676000"},{"date":"29-12-2026","expiry":"1798538400"},{"date":"29-06-2027","expiry":"1814263200"},{"date":"28-12-2027","expiry":"1829988000"},{"date":"27-06-2028","expiry":"1845712800"},{"date":"26-12-2028","expiry":"1861437600"},{"date":"26-06-2029","expiry":"1877162400"},{"date":"24-12-2029","expiry":"1892800800"},{"date":"25-06-2030","expiry":"1908612000"},{"date":"31-12-2030","expiry":"1924941600"}],"indiavixData":{"ask":0,"bid":0,"description":"INDIAVIX-INDEX","ex_symbol":"INDIAVIX","exchange":"NSE","fyToken":"101000000026017","ltp":14.35,"ltpch":0.89,"ltpchp":6.61,"option_type":"","strike_price":-1,"symbol":"NSE:INDIAVIX-INDEX"},"optionsChain":[{"ask":0,"bid":0,"description":"NIFTY50-INDEX","ex_symbol":"NIFTY","exchange":"NSE","fp":25612.8,"fpch":166.8,"fpchp":0.66,"fyToken":"101000000026000","ltp":25594.55,"ltpch":140.2,"ltpchp":0.55,"option_type":"","strike_price":-1,"symbol":"NSE:NIFTY50-INDEX"},{"ask":3.2,"bid":3.15,"fyToken":"101126022464359","ltp":3.15,"ltpch":-0.2,"ltpchp":-5.97,"oi":7923110,"oich":2976610,"oichp":60.18,"option_type":"PE","prev_oi":4946500,"strike_price":23100,"symbol":"NSE:NIFTY26FEB23100PE","volume":14034410},{"ask":2548.65,"bid":2505.25,"fyToken":"101126022464358","ltp":2300,"ltpch":0,"ltpchp":0,"oi":390,"oich":0,"oichp":0,"option_type":"CE","prev_oi":390,"strike_price":23100,"symbol":"NSE:NIFTY26FEB23100CE","volume":0},{"ask":3.35,"bid":3.3,"fyToken":"101126022464361","ltp":3.35,"ltpch":-0.05,"ltpchp":-1.47,"oi":1004900,"oich":641745,"oichp":176.71,"option_type":"PE","prev_oi":363155,"strike_price":23150,"symbol":"NSE:NIFTY26FEB23150PE","volume":4210700},{"ask":2472,"bid":2452.6,"fyToken":"101126022464360","ltp":2450,"ltpch":-133.4,"ltpchp":-5.16,"oi":2925,"oich":0,"oichp":0,"option_type":"CE","prev_oi":2925,"strike_price":23150,"symbol":"NSE:NIFTY26FEB23150CE","volume":650},{"ask":3.5,"bid":3.45,"fyToken":"101126022464363","ltp":3.5,"ltpch":-0.15,"ltpchp":-4.11,"oi":2374060,"oich":873540,"oichp":58.22,"option_type":"PE","prev_oi":1500520,"strike_price":23200,"symbol":"NSE:NIFTY26FEB23200PE","volume":5839600},{"ask":2462.55,"bid":2352.6,"fyToken":"101126022464362","ltp":2478.15,"ltpch":0,"ltpchp":0,"oi":325,"oich":0,"oichp":0,"option_type":"CE","prev_oi":325,"strike_price":23200,"symbol":"NSE:NIFTY26FEB23200CE","volume":0},{"ask":3.7,"bid":3.65,"fyToken":"101126022464365","ltp":3.75,"ltpch":0.15,"ltpchp":4.17,"oi":337220,"oich":199160,"oichp":144.26,"option_type":"PE","prev_oi":138060,"strike_price":23250,"symbol":"NSE:NIFTY26FEB23250PE","volume":1922765},{"ask":2417.05,"bid":2329.3,"fyToken":"101126022464364","ltp":2480.9,"ltpch":0,"ltpchp":0,"oi":130,"oich":0,"oichp":0,"option_type":"CE","prev_oi":130,"strike_price":23250,"symbol":"NSE:NIFTY26FEB23250CE","volume":0},{"ask":3.8,"bid":3.75,"fyToken":"101126022464367","ltp":3.8,"ltpch":0.25,"ltpchp":7.04,"oi":2152085,"oich":526365,"oichp":32.38,"option_type":"PE","prev_oi":1625720,"strike_price":23300,"symbol":"NSE:NIFTY26FEB23300PE","volume":4818060},{"ask":2320.75,"bid":2312.35,"fyToken":"101126022464366","ltp":2281.95,"ltpch":-148.05,"ltpchp":-6.09,"oi":2665,"oich":-65,"oichp":-2.38,"option_type":"CE","prev_oi":2730,"strike_price":23300,"symbol":"NSE:NIFTY26FEB23300CE","volume":195},{"ask":4.05,"bid":4,"fyToken":"101126022464369","ltp":4.05,"ltpch":0.25,"ltpchp":6.58,"oi":386685,"oich":192595,"oichp":99.23,"option_type":"PE","prev_oi":194090,"strike_price":23350,"symbol":"NSE:NIFTY26FEB23350PE","volume":2065895},{"ask":2306.35,"bid":2236.8,"fyToken":"101126022464368","ltp":2381.35,"ltpch":0,"ltpchp":0,"oi":130,"oich":0,"oichp":0,"option_type":"CE","prev_oi":130,"strike_price":23350,"symbol":"NSE:NIFTY26FEB23350CE","volume":0},{"ask":4.1,"bid":4.05,"fyToken":"101126022464371","ltp":4.1,"ltpch":0.3,"ltpchp":7.89,"oi":1604460,"oich":458440,"oichp":40,"option_type":"PE","prev_oi":1146020,"strike_price":23400,"symbol":"NSE:NIFTY26FEB23400PE","volume":6484205},{"ask":2267.6,"bid":2165.05,"fyToken":"101126022464370","ltp":2338.85,"ltpch":0,"ltpchp":0,"oi":1560,"oich":0,"oichp":0,"option_type":"CE","prev_oi":1560,"strike_price":23400,"symbol":"NSE:NIFTY26FEB23400CE","volume":0},{"ask":4.4,"bid":4.3,"fyToken":"101126022464375","ltp":4.4,"ltpch":0.4,"ltpchp":10,"oi":351715,"oich":220805,"oichp":168.67,"option_type":"PE","prev_oi":130910,"strike_price":23450,"symbol":"NSE:NIFTY26FEB23450PE","volume":2430285},{"ask":2216,"bid":2110.3,"fyToken":"101126022464374","ltp":2281.65,"ltpch":0,"ltpchp":0,"oi":195,"oich":0,"oichp":0,"option_type":"CE","prev_oi":195,"strike_price":23450,"symbol":"NSE:NIFTY26FEB23450CE","volume":0},{"ask":4.6,"bid":4.55,"fyToken":"101126022464377","ltp":4.6,"ltpch":0.65,"ltpchp":16.46,"oi":6415825,"oich":2019745,"oichp":45.94,"option_type":"PE","prev_oi":4396080,"strike_price":23500,"symbol":"NSE:NIFTY26FEB23500PE","volume":14431560},{"ask":2120.4,"bid":2115.5,"fyToken":"101126022464376","ltp":2115.5,"ltpch":166.5,"ltpchp":8.54,"oi":459355,"oich":-20930,"oichp":-4.36,"option_type":"CE","prev_oi":480285,"strike_price":23500,"symbol":"NSE:NIFTY26FEB23500CE","volume":32175},{"ask":4.85,"bid":4.75,"fyToken":"101126022464385","ltp":4.85,"ltpch":0.6,"ltpchp":14.12,"oi":310180,"oich":205400,"oichp":196.03,"option_type":"PE","prev_oi":104780,"strike_price":23550,"symbol":"NSE:NIFTY26FEB23550PE","volume":2125955},{"ask":2106.6,"bid":2013.75,"fyToken":"101126022464384","ltp":2187.95,"ltpch":-3.95,"ltpchp":-0.18,"oi":195,"oich":0,"oichp":0,"option_type":"CE","prev_oi":195,"strike_price":23550,"symbol":"NSE:NIFTY26FEB23550CE","volume":0},{"ask":5,"bid":4.95,"fyToken":"101126022464389","ltp":5,"ltpch":0.66,"ltpchp":15.21,"oi":850330,"oich":310635,"oichp":57.56,"option_type":"PE","prev_oi":539695,"strike_price":23600,"symbol":"NSE:NIFTY26FEB23600PE","volume":3964350},{"ask":2028.85,"bid":1970,"fyToken":"101126022464386","ltp":2082,"ltpch":0,"ltpchp":0,"oi":910,"oich":0,"oichp":0,"option_type":"CE","prev_oi":910,"strike_price":23600,"symbol":"NSE:NIFTY26FEB23600CE","volume":0},{"ask":5.3,"bid":5.2,"fyToken":"101126022464408","ltp":5.3,"ltpch":0.75,"ltpchp":16.48,"oi":239590,"oich":130000,"oichp":118.62,"option_type":"PE","prev_oi":109590,"strike_price":23650,"symbol":"NSE:NIFTY26FEB23650PE","volume":1812785},{"ask":1981.6,"bid":1922.85,"fyToken":"101126022464406","ltp":2075.3,"ltpch":0,"ltpchp":0,"oi":1495,"oich":0,"oichp":0,"option_type":"CE","prev_oi":1495,"strike_price":23650,"symbol":"NSE:NIFTY26FEB23650CE","volume":0},{"ask":5.45,"bid":5.4,"fyToken":"101126022464412","ltp":5.45,"ltpch":0.95,"ltpchp":21.11,"oi":1538745,"oich":985400,"oichp":178.08,"option_type":"PE","prev_oi":553345,"strike_price":23700,"symbol":"NSE:NIFTY26FEB23700PE","volume":6231485},{"ask":1929.55,"bid":1915.25,"fyToken":"101126022464411","ltp":1796.6,"ltpch":-104,"ltpchp":-5.47,"oi":1430,"oich":0,"oichp":0,"option_type":"CE","prev_oi":1430,"strike_price":23700,"symbol":"NSE:NIFTY26FEB23700CE","volume":65},{"ask":5.75,"bid":5.65,"fyToken":"101126022464612","ltp":5.7,"ltpch":0.65,"ltpchp":12.87,"oi":423865,"oich":135395,"oichp":46.94,"option_type":"PE","prev_oi":288470,"strike_price":23750,"symbol":"NSE:NIFTY26FEB23750PE","volume":2793115},{"ask":1872.8,"bid":1861.1,"fyToken":"101126022464448","ltp":1873.95,"ltpch":-111.1,"ltpchp":-5.6,"oi":11765,"oich":-2730,"oichp":-18.83,"option_type":"CE","prev_oi":14495,"strike_price":23750,"symbol":"NSE:NIFTY26FEB23750CE","volume":3965},{"ask":5.9,"bid":5.85,"fyToken":"101126022464620","ltp":5.9,"ltpch":0.9,"ltpchp":18,"oi":2692365,"oich":1097985,"oichp":68.87,"option_type":"PE","prev_oi":1594380,"strike_price":23800,"symbol":"NSE:NIFTY26FEB23800PE","volume":8557705},{"ask":1825.1,"bid":1816.5,"fyToken":"101126022464619","ltp":1669.8,"ltpch":11.35,"ltpchp":0.68,"oi":5915,"oich":-65,"oichp":-1.09,"option_type":"CE","prev_oi":5980,"strike_price":23800,"symbol":"NSE:NIFTY26FEB23800CE","volume":195},{"ask":6.3,"bid":6.2,"fyToken":"101126022464663","ltp":6.3,"ltpch":1,"ltpchp":18.87,"oi":315705,"oich":165360,"oichp":109.99,"option_type":"PE","prev_oi":150345,"strike_price":23850,"symbol":"NSE:NIFTY26FEB23850PE","volume":3266640},{"ask":1781.25,"bid":1727.2,"fyToken":"101126022464624","ltp":1884,"ltpch":0,"ltpchp":0,"oi":1820,"oich":0,"oichp":0,"option_type":"CE","prev_oi":1820,"strike_price":23850,"symbol":"NSE:NIFTY26FEB23850CE","volume":0},{"ask":6.6,"bid":6.55,"fyToken":"101126022464719","ltp":6.6,"ltpch":1.2,"ltpchp":22.22,"oi":1713010,"oich":870090,"oichp":103.22,"option_type":"PE","prev_oi":842920,"strike_price":23900,"symbol":"NSE:NIFTY26FEB23900PE","volume":6943430},{"ask":1737.15,"bid":1717.65,"fyToken":"101126022464664","ltp":1624.65,"ltpch":-110.25,"ltpchp":-6.35,"oi":6500,"oich":130,"oichp":2.04,"option_type":"CE","prev_oi":6370,"strike_price":23900,"symbol":"NSE:NIFTY26FEB23900CE","volume":195},{"ask":6.9,"bid":6.8,"fyToken":"101126022464760","ltp":6.9,"ltpch":1.3,"ltpchp":23.21,"oi":431860,"oich":119665,"oichp":38.33,"option_type":"PE","prev_oi":312195,"strike_price":23950,"symbol":"NSE:NIFTY26FEB23950PE","volume":2881710},{"ask":1685.4,"bid":1617.1,"fyToken":"101126022464720","ltp":1788.45,"ltpch":0,"ltpchp":0,"oi":585,"oich":0,"oichp":0,"option_type":"CE","prev_oi":585,"strike_price":23950,"symbol":"NSE:NIFTY26FEB23950CE","volume":0},{"ask":7.2,"bid":7.15,"fyToken":"101126022464785","ltp":7.15,"ltpch":1.05,"ltpchp":17.21,"oi":11779365,"oich":2698285,"oichp":29.71,"option_type":"PE","prev_oi":9081080,"strike_price":24000,"symbol":"NSE:NIFTY26FEB24000PE","volume":25148565},{"ask":1624.6,"bid":1620.15,"fyToken":"101126022464784","ltp":1628,"ltpch":149.5,"ltpchp":10.11,"oi":604305,"oich":-76245,"oichp":-11.2,"option_type":"CE","prev_oi":680550,"strike_price":24000,"symbol":"NSE:NIFTY26FEB24000CE","volume":134615},{"ask":7.6,"bid":7.5,"fyToken":"101126022464791","ltp":7.55,"ltpch":1.45,"ltpchp":23.77,"oi":422175,"oich":175695,"oichp":71.28,"option_type":"PE","prev_oi":246480,"strike_price":24050,"symbol":"NSE:NIFTY26FEB24050PE","volume":2811185},{"ask":1601.7,"bid":1532.95,"fyToken":"101126022464790","ltp":1685.55,"ltpch":0,"ltpchp":0,"oi":390,"oich":0,"oichp":0,"option_type":"CE","prev_oi":390,"strike_price":24050,"symbol":"NSE:NIFTY26FEB24050CE","volume":0},{"ask":7.9,"bid":7.8,"fyToken":"101126022464793","ltp":7.85,"ltpch":1.35,"ltpchp":20.77,"oi":1515280,"oich":523965,"oichp":52.86,"option_type":"PE","prev_oi":991315,"strike_price":24100,"symbol":"NSE:NIFTY26FEB24100PE","volume":6862180},{"ask":1535.75,"bid":1512.85,"fyToken":"101126022464792","ltp":1408.3,"ltpch":-111.7,"ltpchp":-7.35,"oi":7215,"oich":0,"oichp":0,"option_type":"CE","prev_oi":7215,"strike_price":24100,"symbol":"NSE:NIFTY26FEB24100CE","volume":325},{"ask":8.25,"bid":8.2,"fyToken":"101126022464795","ltp":8.2,"ltpch":1.5,"ltpchp":22.39,"oi":451555,"oich":268775,"oichp":147.05,"option_type":"PE","prev_oi":182780,"strike_price":24150,"symbol":"NSE:NIFTY26FEB24150PE","volume":3147365},{"ask":1505.2,"bid":1447.7,"fyToken":"101126022464794","ltp":1591.6,"ltpch":0,"ltpchp":0,"oi":2015,"oich":0,"oichp":0,"option_type":"CE","prev_oi":2015,"strike_price":24150,"symbol":"NSE:NIFTY26FEB24150CE","volume":0},{"ask":8.75,"bid":8.7,"fyToken":"101126022464797","ltp":8.75,"ltpch":1.45,"ltpchp":19.86,"oi":3079635,"oich":1266395,"oichp":69.84,"option_type":"PE","prev_oi":1813240,"strike_price":24200,"symbol":"NSE:NIFTY26FEB24200PE","volume":13247065},{"ask":1427.55,"bid":1422,"fyToken":"101126022464796","ltp":1423.65,"ltpch":209.2,"ltpchp":17.23,"oi":9360,"oich":-520,"oichp":-5.26,"option_type":"CE","prev_oi":9880,"strike_price":24200,"symbol":"NSE:NIFTY26FEB24200CE","volume":715},{"ask":9.2,"bid":9.15,"fyToken":"101126022464799","ltp":9.2,"ltpch":1.85,"ltpchp":25.17,"oi":1327885,"oich":950950,"oichp":252.28,"option_type":"PE","prev_oi":376935,"strike_price":24250,"symbol":"NSE:NIFTY26FEB24250PE","volume":6092320},{"ask":1391.45,"bid":1355.95,"fyToken":"101126022464798","ltp":1266.05,"ltpch":-98.45,"ltpchp":-7.22,"oi":780,"oich":0,"oichp":0,"option_type":"CE","prev_oi":780,"strike_price":24250,"symbol":"NSE:NIFTY26FEB24250CE","volume":975},{"ask":9.55,"bid":9.5,"fyToken":"101126022464801","ltp":9.5,"ltpch":1.45,"ltpchp":18.01,"oi":2546960,"oich":709540,"oichp":38.62,"option_type":"PE","prev_oi":1837420,"strike_price":24300,"symbol":"NSE:NIFTY26FEB24300PE","volume":12340575},{"ask":1328.3,"bid":1321.55,"fyToken":"101126022464800","ltp":1316,"ltpch":132.25,"ltpchp":11.17,"oi":10725,"oich":-130,"oichp":-1.2,"option_type":"CE","prev_oi":10855,"strike_price":24300,"symbol":"NSE:NIFTY26FEB24300CE","volume":1560},{"ask":10.1,"bid":10.05,"fyToken":"101126022464803","ltp":10.05,"ltpch":1.45,"ltpchp":16.86,"oi":1096680,"oich":821340,"oichp":298.3,"option_type":"PE","prev_oi":275340,"strike_price":24350,"symbol":"NSE:NIFTY26FEB24350PE","volume":6435000},{"ask":1301.35,"bid":1249.95,"fyToken":"101126022464802","ltp":1377.7,"ltpch":0,"ltpchp":0,"oi":3705,"oich":0,"oichp":0,"option_type":"CE","prev_oi":3705,"strike_price":24350,"symbol":"NSE:NIFTY26FEB24350CE","volume":0},{"ask":10.55,"bid":10.5,"fyToken":"101126022464805","ltp":10.55,"ltpch":1.45,"ltpchp":15.93,"oi":2684955,"oich":1279915,"oichp":91.09,"option_type":"PE","prev_oi":1405040,"strike_price":24400,"symbol":"NSE:NIFTY26FEB24400PE","volume":13425035},{"ask":1230.05,"bid":1222.2,"fyToken":"101126022464804","ltp":1218.8,"ltpch":159.5,"ltpchp":15.06,"oi":12155,"oich":0,"oichp":0,"option_type":"CE","prev_oi":12155,"strike_price":24400,"symbol":"NSE:NIFTY26FEB24400CE","volume":1430},{"ask":11.15,"bid":11.1,"fyToken":"101126022464807","ltp":11.15,"ltpch":1.1,"ltpchp":10.95,"oi":1271790,"oich":802035,"oichp":170.73,"option_type":"PE","prev_oi":469755,"strike_price":24450,"symbol":"NSE:NIFTY26FEB24450PE","volume":7650305},{"ask":1180.7,"bid":1164.75,"fyToken":"101126022464806","ltp":1182.55,"ltpch":-114.15,"ltpchp":-8.8,"oi":7605,"oich":65,"oichp":0.86,"option_type":"CE","prev_oi":7540,"strike_price":24450,"symbol":"NSE:NIFTY26FEB24450CE","volume":455},{"ask":11.65,"bid":11.6,"fyToken":"101126022464809","ltp":11.6,"ltpch":0.95,"ltpchp":8.92,"oi":10102625,"oich":1953055,"oichp":23.97,"option_type":"PE","prev_oi":8149570,"strike_price":24500,"symbol":"NSE:NIFTY26FEB24500PE","volume":28415595},{"ask":1128.95,"bid":1124.2,"fyToken":"101126022464808","ltp":1130,"ltpch":180.35,"ltpchp":18.99,"oi":282425,"oich":-4160,"oichp":-1.45,"option_type":"CE","prev_oi":286585,"strike_price":24500,"symbol":"NSE:NIFTY26FEB24500CE","volume":81055},{"ask":12.35,"bid":12.3,"fyToken":"101126022464811","ltp":12.35,"ltpch":0.75,"ltpchp":6.47,"oi":2021695,"oich":1673100,"oichp":479.96,"option_type":"PE","prev_oi":348595,"strike_price":24550,"symbol":"NSE:NIFTY26FEB24550PE","volume":9696635},{"ask":1091.85,"bid":1051.2,"fyToken":"101126022464810","ltp":986.3,"ltpch":0,"ltpchp":0,"oi":12090,"oich":0,"oichp":0,"option_type":"CE","prev_oi":12090,"strike_price":24550,"symbol":"NSE:NIFTY26FEB24550CE","volume":0},{"ask":13,"bid":12.95,"fyToken":"101126022464813","ltp":12.9,"ltpch":0.25,"ltpchp":1.98,"oi":2953795,"oich":895575,"oichp":43.51,"option_type":"PE","prev_oi":2058220,"strike_price":24600,"symbol":"NSE:NIFTY26FEB24600PE","volume":13563550},{"ask":1029.85,"bid":1025.8,"fyToken":"101126022464812","ltp":1034.2,"ltpch":199.2,"ltpchp":23.86,"oi":32955,"oich":1040,"oichp":3.26,"option_type":"CE","prev_oi":31915,"strike_price":24600,"symbol":"NSE:NIFTY26FEB24600CE","volume":4615},{"ask":13.75,"bid":13.7,"fyToken":"101126022464815","ltp":13.7,"ltpch":0.15,"ltpchp":1.11,"oi":922545,"oich":400270,"oichp":76.64,"option_type":"PE","prev_oi":522275,"strike_price":24650,"symbol":"NSE:NIFTY26FEB24650PE","volume":6988735},{"ask":980.15,"bid":977.4,"fyToken":"101126022464814","ltp":984.5,"ltpch":107.1,"ltpchp":12.21,"oi":8775,"oich":1560,"oichp":21.62,"option_type":"CE","prev_oi":7215,"strike_price":24650,"symbol":"NSE:NIFTY26FEB24650CE","volume":7150},{"ask":14.5,"bid":14.45,"fyToken":"101126022464817","ltp":14.45,"ltpch":-1.05,"ltpchp":-6.77,"oi":4323605,"oich":515255,"oichp":13.53,"option_type":"PE","prev_oi":3808350,"strike_price":24700,"symbol":"NSE:NIFTY26FEB24700PE","volume":16092830},{"ask":931.25,"bid":928.15,"fyToken":"101126022464816","ltp":918.6,"ltpch":154.5,"ltpchp":20.22,"oi":44265,"oich":260,"oichp":0.59,"option_type":"CE","prev_oi":44005,"strike_price":24700,"symbol":"NSE:NIFTY26FEB24700CE","volume":17615},{"ask":15.4,"bid":15.3,"fyToken":"101126022464819","ltp":15.3,"ltpch":-2.05,"ltpchp":-11.82,"oi":1381705,"oich":506350,"oichp":57.85,"option_type":"PE","prev_oi":875355,"strike_price":24750,"symbol":"NSE:NIFTY26FEB24750PE","volume":7835035},{"ask":882.2,"bid":878.7,"fyToken":"101126022464818","ltp":886.4,"ltpch":184.35,"ltpchp":26.26,"oi":16380,"oich":-1950,"oichp":-10.64,"option_type":"CE","prev_oi":18330,"strike_price":24750,"symbol":"NSE:NIFTY26FEB24750CE","volume":9360},{"ask":16.25,"bid":16.15,"fyToken":"101126022464822","ltp":16.25,"ltpch":-2.89,"ltpchp":-15.1,"oi":7750015,"oich":1487005,"oichp":23.74,"option_type":"PE","prev_oi":6263010,"strike_price":24800,"symbol":"NSE:NIFTY26FEB24800PE","volume":24328005},{"ask":833.3,"bid":829.95,"fyToken":"101126022464821","ltp":838.6,"ltpch":187.65,"ltpchp":28.83,"oi":191295,"oich":-1300,"oichp":-0.67,"option_type":"CE","prev_oi":192595,"strike_price":24800,"symbol":"NSE:NIFTY26FEB24800CE","volume":61360},{"ask":17.6,"bid":17.55,"fyToken":"101126022464824","ltp":17.45,"ltpch":-5.25,"ltpchp":-23.13,"oi":1500980,"oich":382400,"oichp":34.19,"option_type":"PE","prev_oi":1118580,"strike_price":24850,"symbol":"NSE:NIFTY26FEB24850PE","volume":10257650},{"ask":783.95,"bid":781.45,"fyToken":"101126022464823","ltp":779.25,"ltpch":180.75,"ltpchp":30.2,"oi":24505,"oich":-325,"oichp":-1.31,"option_type":"CE","prev_oi":24830,"strike_price":24850,"symbol":"NSE:NIFTY26FEB24850CE","volume":37375},{"ask":19,"bid":18.9,"fyToken":"101126022464826","ltp":18.9,"ltpch":-6.65,"ltpchp":-26.03,"oi":3746405,"oich":651425,"oichp":21.05,"option_type":"PE","prev_oi":3094980,"strike_price":24900,"symbol":"NSE:NIFTY26FEB24900PE","volume":21511100},{"ask":735.15,"bid":732.9,"fyToken":"101126022464825","ltp":736,"ltpch":157.96,"ltpchp":27.33,"oi":426465,"oich":-3055,"oichp":-0.71,"option_type":"CE","prev_oi":429520,"strike_price":24900,"symbol":"NSE:NIFTY26FEB24900CE","volume":89115},{"ask":20.7,"bid":20.6,"fyToken":"101126022464828","ltp":20.65,"ltpch":-8.35,"ltpchp":-28.79,"oi":1549470,"oich":514210,"oichp":49.67,"option_type":"PE","prev_oi":1035260,"strike_price":24950,"symbol":"NSE:NIFTY26FEB24950PE","volume":15356185},{"ask":686.9,"bid":684.35,"fyToken":"101126022464827","ltp":686.25,"ltpch":158.65,"ltpchp":30.07,"oi":26455,"oich":6305,"oichp":31.29,"option_type":"CE","prev_oi":20150,"strike_price":24950,"symbol":"NSE:NIFTY26FEB24950CE","volume":56225},{"ask":22.6,"bid":22.5,"fyToken":"101126022464830","ltp":22.55,"ltpch":-11.8,"ltpchp":-34.35,"oi":11724115,"oich":1446015,"oichp":14.07,"option_type":"PE","prev_oi":10278100,"strike_price":25000,"symbol":"NSE:NIFTY26FEB25000PE","volume":68425760},{"ask":638.4,"bid":636.8,"fyToken":"101126022464829","ltp":636.95,"ltpch":161.55,"ltpchp":33.98,"oi":2052245,"oich":-161915,"oichp":-7.31,"option_type":"CE","prev_oi":2214160,"strike_price":25000,"symbol":"NSE:NIFTY26FEB25000CE","volume":2116855},{"ask":24.7,"bid":24.65,"fyToken":"101126022464832","ltp":24.75,"ltpch":-14.6,"ltpchp":-37.1,"oi":1828320,"oich":702060,"oichp":62.34,"option_type":"PE","prev_oi":1126260,"strike_price":25050,"symbol":"NSE:NIFTY26FEB25050PE","volume":20745920},{"ask":590.55,"bid":589.15,"fyToken":"101126022464831","ltp":589.2,"ltpch":148.1,"ltpchp":33.58,"oi":50440,"oich":5005,"oichp":11.02,"option_type":"CE","prev_oi":45435,"strike_price":25050,"symbol":"NSE:NIFTY26FEB25050CE","volume":151645},{"ask":27.4,"bid":27.3,"fyToken":"101126022464834","ltp":27.4,"ltpch":-17.55,"ltpchp":-39.04,"oi":4789655,"oich":437315,"oichp":10.05,"option_type":"PE","prev_oi":4352340,"strike_price":25100,"symbol":"NSE:NIFTY26FEB25100PE","volume":42947320},{"ask":543.2,"bid":542.05,"fyToken":"101126022464833","ltp":542.6,"ltpch":156.6,"ltpchp":40.57,"oi":353015,"oich":-24505,"oichp":-6.49,"option_type":"CE","prev_oi":377520,"strike_price":25100,"symbol":"NSE:NIFTY26FEB25100CE","volume":869505},{"ask":30.7,"bid":30.6,"fyToken":"101126022464836","ltp":30.65,"ltpch":-22.15,"ltpchp":-41.95,"oi":2592070,"oich":1177870,"oichp":83.29,"option_type":"PE","prev_oi":1414200,"strike_price":25150,"symbol":"NSE:NIFTY26FEB25150PE","volume":32965985},{"ask":496.65,"bid":495.3,"fyToken":"101126022464835","ltp":500.55,"ltpch":154.2,"ltpchp":44.52,"oi":64090,"oich":11310,"oichp":21.43,"option_type":"CE","prev_oi":52780,"strike_price":25150,"symbol":"NSE:NIFTY26FEB25150CE","volume":516685},{"ask":34.9,"bid":34.8,"fyToken":"101126022464838","ltp":34.85,"ltpch":-26.25,"ltpchp":-42.96,"oi":6585410,"oich":1846910,"oichp":38.98,"option_type":"PE","prev_oi":4738500,"strike_price":25200,"symbol":"NSE:NIFTY26FEB25200PE","volume":69976725},{"ask":450.25,"bid":449.2,"fyToken":"101126022464837","ltp":447.75,"ltpch":141.15,"ltpchp":46.04,"oi":987480,"oich":-1235,"oichp":-0.12,"option_type":"CE","prev_oi":988715,"strike_price":25200,"symbol":"NSE:NIFTY26FEB25200CE","volume":4665375},{"ask":39.75,"bid":39.65,"fyToken":"101126022464840","ltp":39.7,"ltpch":-33.6,"ltpchp":-45.84,"oi":3535610,"oich":2188940,"oichp":162.54,"option_type":"PE","prev_oi":1346670,"strike_price":25250,"symbol":"NSE:NIFTY26FEB25250PE","volume":49673390},{"ask":405.15,"bid":404.2,"fyToken":"101126022464839","ltp":403,"ltpch":135.86,"ltpchp":50.86,"oi":219375,"oich":96785,"oichp":78.95,"option_type":"CE","prev_oi":122590,"strike_price":25250,"symbol":"NSE:NIFTY26FEB25250CE","volume":3175315},{"ask":45.95,"bid":45.85,"fyToken":"101126022464842","ltp":45.95,"ltpch":-39.9,"ltpchp":-46.48,"oi":8115965,"oich":4028825,"oichp":98.57,"option_type":"PE","prev_oi":4087140,"strike_price":25300,"symbol":"NSE:NIFTY26FEB25300PE","volume":107013400},{"ask":361.3,"bid":360.55,"fyToken":"101126022464841","ltp":360.4,"ltpch":128.35,"ltpchp":55.31,"oi":1412580,"oich":14950,"oichp":1.07,"option_type":"CE","prev_oi":1397630,"strike_price":25300,"symbol":"NSE:NIFTY26FEB25300CE","volume":19130800},{"ask":53.55,"bid":53.4,"fyToken":"101126022464844","ltp":53.45,"ltpch":-49.05,"ltpchp":-47.85,"oi":5143385,"oich":2998125,"oichp":139.76,"option_type":"PE","prev_oi":2145260,"strike_price":25350,"symbol":"NSE:NIFTY26FEB25350PE","volume":77962820},{"ask":318.85,"bid":318.2,"fyToken":"101126022464843","ltp":318.6,"ltpch":119.4,"ltpchp":59.94,"oi":508560,"oich":149110,"oichp":41.48,"option_type":"CE","prev_oi":359450,"strike_price":25350,"symbol":"NSE:NIFTY26FEB25350CE","volume":17982120},{"ask":277.95,"bid":277.35,"fyToken":"101126022464845","ltp":277.9,"ltpch":110.5,"ltpchp":66.01,"oi":2646215,"oich":-106345,"oichp":-3.86,"option_type":"CE","prev_oi":2752560,"strike_price":25400,"symbol":"NSE:NIFTY26FEB25400CE","volume":95654195},{"ask":63,"bid":62.85,"fyToken":"101126022464849","ltp":62.95,"ltpch":-58.95,"ltpchp":-48.36,"oi":12587770,"oich":6526850,"oichp":107.69,"option_type":"PE","prev_oi":6060920,"strike_price":25400,"symbol":"NSE:NIFTY26FEB25400PE","volume":191999470},{"ask":74.35,"bid":74.2,"fyToken":"101126022464851","ltp":74.35,"ltpch":-64.09,"ltpchp":-46.29,"oi":7955870,"oich":6125410,"oichp":334.64,"option_type":"PE","prev_oi":1830460,"strike_price":25450,"symbol":"NSE:NIFTY26FEB25450PE","volume":129546105},{"ask":239.5,"bid":239.15,"fyToken":"101126022464850","ltp":239.65,"ltpch":97.21,"ltpchp":68.25,"oi":2016950,"oich":-65970,"oichp":-3.17,"option_type":"CE","prev_oi":2082920,"strike_price":25450,"symbol":"NSE:NIFTY26FEB25450CE","volume":100414470},{"ask":88.4,"bid":88.3,"fyToken":"101126022464853","ltp":88.45,"ltpch":-70.74,"ltpchp":-44.44,"oi":15859350,"oich":10229700,"oichp":181.71,"option_type":"PE","prev_oi":5629650,"strike_price":25500,"symbol":"NSE:NIFTY26FEB25500PE","volume":195956150},{"ask":203.5,"bid":203.1,"fyToken":"101126022464852","ltp":203.3,"ltpch":82,"ltpchp":67.6,"oi":7863180,"oich":192980,"oichp":2.52,"option_type":"CE","prev_oi":7670200,"strike_price":25500,"symbol":"NSE:NIFTY26FEB25500CE","volume":221215020},{"ask":105.35,"bid":105.15,"fyToken":"101126022464855","ltp":105.3,"ltpch":-78.4,"ltpchp":-42.68,"oi":6576115,"oich":5151895,"oichp":361.73,"option_type":"PE","prev_oi":1424220,"strike_price":25550,"symbol":"NSE:NIFTY26FEB25550PE","volume":83210270},{"ask":170.75,"bid":170.45,"fyToken":"101126022464854","ltp":170.75,"ltpch":71.1,"ltpchp":71.35,"oi":4274335,"oich":1502015,"oichp":54.18,"option_type":"CE","prev_oi":2772320,"strike_price":25550,"symbol":"NSE:NIFTY26FEB25550CE","volume":144497145},{"ask":141.2,"bid":140.95,"fyToken":"101126022464856","ltp":141,"ltpch":61.1,"ltpchp":76.47,"oi":13485875,"oich":2086775,"oichp":18.31,"option_type":"CE","prev_oi":11399100,"strike_price":25600,"symbol":"NSE:NIFTY26FEB25600CE","volume":246293190},{"ask":125.6,"bid":125.45,"fyToken":"101126022464857","ltp":125.4,"ltpch":-94.3,"ltpchp":-42.92,"oi":10923250,"oich":7089870,"oichp":184.95,"option_type":"PE","prev_oi":3833380,"strike_price":25600,"symbol":"NSE:NIFTY26FEB25600PE","volume":99449740},{"ask":149.4,"bid":149.2,"fyToken":"101126022464859","ltp":149.1,"ltpch":-102.2,"ltpchp":-40.67,"oi":2624570,"oich":1681680,"oichp":178.35,"option_type":"PE","prev_oi":942890,"strike_price":25650,"symbol":"NSE:NIFTY26FEB25650PE","volume":23074740},{"ask":115.25,"bid":115,"fyToken":"101126022464858","ltp":115.15,"ltpch":49.95,"ltpchp":76.61,"oi":6710275,"oich":2607735,"oichp":63.56,"option_type":"CE","prev_oi":4102540,"strike_price":25650,"symbol":"NSE:NIFTY26FEB25650CE","volume":120520465},{"ask":177.05,"bid":176.7,"fyToken":"101126022464861","ltp":176.85,"ltpch":-117.5,"ltpchp":-39.92,"oi":4331145,"oich":996585,"oichp":29.89,"option_type":"PE","prev_oi":3334560,"strike_price":25700,"symbol":"NSE:NIFTY26FEB25700PE","volume":25558195},{"ask":92.7,"bid":92.5,"fyToken":"101126022464860","ltp":92.6,"ltpch":40.15,"ltpchp":76.55,"oi":14356550,"oich":2047550,"oichp":16.63,"option_type":"CE","prev_oi":12309000,"strike_price":25700,"symbol":"NSE:NIFTY26FEB25700CE","volume":176654595},{"ask":208.4,"bid":208,"fyToken":"101126022464863","ltp":208,"ltpch":-123.65,"ltpchp":-37.28,"oi":1273285,"oich":244335,"oichp":23.75,"option_type":"PE","prev_oi":1028950,"strike_price":25750,"symbol":"NSE:NIFTY26FEB25750PE","volume":5569005},{"ask":73.65,"bid":73.5,"fyToken":"101126022464862","ltp":73.6,"ltpch":30.55,"ltpchp":70.96,"oi":7164235,"oich":915855,"oichp":14.66,"option_type":"CE","prev_oi":6248380,"strike_price":25750,"symbol":"NSE:NIFTY26FEB25750CE","volume":90972635},{"ask":242.65,"bid":242.2,"fyToken":"101126022464865","ltp":242.9,"ltpch":-133.55,"ltpchp":-35.48,"oi":3084120,"oich":107440,"oichp":3.61,"option_type":"PE","prev_oi":2976680,"strike_price":25800,"symbol":"NSE:NIFTY26FEB25800PE","volume":9320545},{"ask":58.35,"bid":58.2,"fyToken":"101126022464864","ltp":58.1,"ltpch":22.65,"ltpchp":63.89,"oi":14509300,"oich":-190300,"oichp":-1.29,"option_type":"CE","prev_oi":14699600,"strike_price":25800,"symbol":"NSE:NIFTY26FEB25800CE","volume":131141985},{"ask":280.4,"bid":279.8,"fyToken":"101126022464867","ltp":281.05,"ltpch":-139.65,"ltpchp":-33.19,"oi":525655,"oich":390,"oichp":0.07,"option_type":"PE","prev_oi":525265,"strike_price":25850,"symbol":"NSE:NIFTY26FEB25850PE","volume":1237145},{"ask":45.95,"bid":45.8,"fyToken":"101126022464866","ltp":45.85,"ltpch":16.2,"ltpchp":54.64,"oi":6860035,"oich":640115,"oichp":10.29,"option_type":"CE","prev_oi":6219920,"strike_price":25850,"symbol":"NSE:NIFTY26FEB25850CE","volume":65466700},{"ask":320.65,"bid":319.95,"fyToken":"101126022464869","ltp":319.95,"ltpch":-149.55,"ltpchp":-31.85,"oi":1296230,"oich":-86450,"oichp":-6.25,"option_type":"PE","prev_oi":1382680,"strike_price":25900,"symbol":"NSE:NIFTY26FEB25900PE","volume":3217370},{"ask":36.1,"bid":36,"fyToken":"101126022464868","ltp":36.1,"ltpch":11.45,"ltpchp":46.45,"oi":10222030,"oich":771750,"oichp":8.17,"option_type":"CE","prev_oi":9450280,"strike_price":25900,"symbol":"NSE:NIFTY26FEB25900CE","volume":84918925},{"ask":362.9,"bid":362.2,"fyToken":"101126022464871","ltp":359.5,"ltpch":-155.85,"ltpchp":-30.24,"oi":149305,"oich":-70070,"oichp":-31.94,"option_type":"PE","prev_oi":219375,"strike_price":25950,"symbol":"NSE:NIFTY26FEB25950PE","volume":430820},{"ask":28.4,"bid":28.3,"fyToken":"101126022464870","ltp":28.35,"ltpch":7.3,"ltpchp":34.68,"oi":4782765,"oich":965245,"oichp":25.28,"option_type":"CE","prev_oi":3817520,"strike_price":25950,"symbol":"NSE:NIFTY26FEB25950CE","volume":43556695},{"ask":22.5,"bid":22.4,"fyToken":"101126022464872","ltp":22.4,"ltpch":4.35,"ltpchp":24.1,"oi":16688295,"oich":1874295,"oichp":12.65,"option_type":"CE","prev_oi":14814000,"strike_price":26000,"symbol":"NSE:NIFTY26FEB26000CE","volume":92836120},{"ask":406.9,"bid":406.2,"fyToken":"101126022464873","ltp":406.1,"ltpch":-154.1,"ltpchp":-27.51,"oi":3082625,"oich":-31005,"oichp":-1,"option_type":"PE","prev_oi":3113630,"strike_price":26000,"symbol":"NSE:NIFTY26FEB26000PE","volume":3007420},{"ask":452.7,"bid":451.5,"fyToken":"101126022464875","ltp":453.7,"ltpch":-151.84,"ltpchp":-25.08,"oi":116675,"oich":-2730,"oichp":-2.29,"option_type":"PE","prev_oi":119405,"strike_price":26050,"symbol":"NSE:NIFTY26FEB26050PE","volume":110305},{"ask":17.85,"bid":17.8,"fyToken":"101126022464874","ltp":17.8,"ltpch":2.45,"ltpchp":15.96,"oi":3265990,"oich":424770,"oichp":14.95,"option_type":"CE","prev_oi":2841220,"strike_price":26050,"symbol":"NSE:NIFTY26FEB26050CE","volume":30853550},{"ask":499,"bid":497.9,"fyToken":"101126022464877","ltp":495.1,"ltpch":-190.6,"ltpchp":-27.8,"oi":504790,"oich":-165035,"oichp":-24.64,"option_type":"PE","prev_oi":669825,"strike_price":26100,"symbol":"NSE:NIFTY26FEB26100PE","volume":352820},{"ask":14.35,"bid":14.25,"fyToken":"101126022464876","ltp":14.3,"ltpch":0.65,"ltpchp":4.76,"oi":6932380,"oich":557830,"oichp":8.75,"option_type":"CE","prev_oi":6374550,"strike_price":26100,"symbol":"NSE:NIFTY26FEB26100CE","volume":40682265},{"ask":546.6,"bid":544.75,"fyToken":"101126022464879","ltp":539.3,"ltpch":-166.75,"ltpchp":-23.62,"oi":67210,"oich":-4615,"oichp":-6.43,"option_type":"PE","prev_oi":71825,"strike_price":26150,"symbol":"NSE:NIFTY26FEB26150PE","volume":53495},{"ask":11.75,"bid":11.7,"fyToken":"101126022464878","ltp":11.65,"ltpch":-0.65,"ltpchp":-5.28,"oi":2478645,"oich":57915,"oichp":2.39,"option_type":"CE","prev_oi":2420730,"strike_price":26150,"symbol":"NSE:NIFTY26FEB26150CE","volume":21617115},{"ask":594.3,"bid":592.95,"fyToken":"101126022464881","ltp":588.7,"ltpch":-177.2,"ltpchp":-23.14,"oi":483275,"oich":-59410,"oichp":-10.95,"option_type":"PE","prev_oi":542685,"strike_price":26200,"symbol":"NSE:NIFTY26FEB26200PE","volume":272415},{"ask":9.65,"bid":9.6,"fyToken":"101126022464880","ltp":9.65,"ltpch":-1.4,"ltpchp":-12.67,"oi":6223750,"oich":-742110,"oichp":-10.65,"option_type":"CE","prev_oi":6965860,"strike_price":26200,"symbol":"NSE:NIFTY26FEB26200CE","volume":31058560},{"ask":643.3,"bid":640.85,"fyToken":"101126022464901","ltp":640.95,"ltpch":-168.05,"ltpchp":-20.77,"oi":51415,"oich":-4095,"oichp":-7.38,"option_type":"PE","prev_oi":55510,"strike_price":26250,"symbol":"NSE:NIFTY26FEB26250PE","volume":19890},{"ask":8,"bid":7.95,"fyToken":"101126022464882","ltp":8,"ltpch":-2.25,"ltpchp":-21.95,"oi":3201185,"oich":-501795,"oichp":-13.55,"option_type":"CE","prev_oi":3702980,"strike_price":26250,"symbol":"NSE:NIFTY26FEB26250CE","volume":18717725},{"ask":691.3,"bid":689.25,"fyToken":"101126022464925","ltp":683.35,"ltpch":-166.6,"ltpchp":-19.6,"oi":442065,"oich":-22165,"oichp":-4.77,"option_type":"PE","prev_oi":464230,"strike_price":26300,"symbol":"NSE:NIFTY26FEB26300PE","volume":74945},{"ask":6.6,"bid":6.55,"fyToken":"101126022464907","ltp":6.6,"ltpch":-2.55,"ltpchp":-27.87,"oi":5891210,"oich":-382790,"oichp":-6.1,"option_type":"CE","prev_oi":6274000,"strike_price":26300,"symbol":"NSE:NIFTY26FEB26300CE","volume":23988575},{"ask":741.35,"bid":738.45,"fyToken":"101126022464928","ltp":741.2,"ltpch":-168.9,"ltpchp":-18.56,"oi":39325,"oich":-1430,"oichp":-3.51,"option_type":"PE","prev_oi":40755,"strike_price":26350,"symbol":"NSE:NIFTY26FEB26350PE","volume":5915},{"ask":5.65,"bid":5.6,"fyToken":"101126022464926","ltp":5.65,"ltpch":-2.75,"ltpchp":-32.74,"oi":1932580,"oich":133120,"oichp":7.4,"option_type":"CE","prev_oi":1799460,"strike_price":26350,"symbol":"NSE:NIFTY26FEB26350CE","volume":9955790},{"ask":791.05,"bid":788.15,"fyToken":"101126022464934","ltp":787.95,"ltpch":-176.85,"ltpchp":-18.33,"oi":402610,"oich":-1755,"oichp":-0.43,"option_type":"PE","prev_oi":404365,"strike_price":26400,"symbol":"NSE:NIFTY26FEB26400PE","volume":12675},{"ask":4.8,"bid":4.75,"fyToken":"101126022464931","ltp":4.8,"ltpch":-2.7,"ltpchp":-36,"oi":6711185,"oich":-394415,"oichp":-5.55,"option_type":"CE","prev_oi":7105600,"strike_price":26400,"symbol":"NSE:NIFTY26FEB26400CE","volume":19632405},{"ask":841.6,"bid":837,"fyToken":"101126022464936","ltp":836.85,"ltpch":-158.8,"ltpchp":-15.95,"oi":17030,"oich":-65,"oichp":-0.38,"option_type":"PE","prev_oi":17095,"strike_price":26450,"symbol":"NSE:NIFTY26FEB26450PE","volume":2340},{"ask":4.25,"bid":4.2,"fyToken":"101126022464935","ltp":4.25,"ltpch":-2.85,"ltpchp":-40.14,"oi":1927120,"oich":-812500,"oichp":-29.66,"option_type":"CE","prev_oi":2739620,"strike_price":26450,"symbol":"NSE:NIFTY26FEB26450CE","volume":13859950},{"ask":890.35,"bid":888,"fyToken":"101126022464955","ltp":887.75,"ltpch":-191.7,"ltpchp":-17.76,"oi":2040285,"oich":-48875,"oichp":-2.34,"option_type":"PE","prev_oi":2089160,"strike_price":26500,"symbol":"NSE:NIFTY26FEB26500PE","volume":196755},{"ask":4,"bid":3.95,"fyToken":"101126022464937","ltp":4,"ltpch":-2.5,"ltpchp":-38.46,"oi":13957125,"oich":1714725,"oichp":14.01,"option_type":"CE","prev_oi":12242400,"strike_price":26500,"symbol":"NSE:NIFTY26FEB26500CE","volume":38163840},{"ask":941.35,"bid":935.9,"fyToken":"101126022464957","ltp":930.5,"ltpch":-188.75,"ltpchp":-16.86,"oi":9555,"oich":0,"oichp":0,"option_type":"PE","prev_oi":9555,"strike_price":26550,"symbol":"NSE:NIFTY26FEB26550PE","volume":130},{"ask":3.4,"bid":3.35,"fyToken":"101126022464956","ltp":3.4,"ltpch":-2.55,"ltpchp":-42.86,"oi":2367040,"oich":144690,"oichp":6.51,"option_type":"CE","prev_oi":2222350,"strike_price":26550,"symbol":"NSE:NIFTY26FEB26550CE","volume":9307415},{"ask":989.3,"bid":986.6,"fyToken":"101126022464960","ltp":981.25,"ltpch":-177.55,"ltpchp":-15.32,"oi":328445,"oich":-845,"oichp":-0.26,"option_type":"PE","prev_oi":329290,"strike_price":26600,"symbol":"NSE:NIFTY26FEB26600PE","volume":4550},{"ask":3.05,"bid":3,"fyToken":"101126022464958","ltp":3,"ltpch":-2.45,"ltpchp":-44.95,"oi":5050825,"oich":3445,"oichp":0.07,"option_type":"CE","prev_oi":5047380,"strike_price":26600,"symbol":"NSE:NIFTY26FEB26600CE","volume":14859585},{"ask":1061.55,"bid":997.8,"fyToken":"101126022464966","ltp":840.5,"ltpch":0,"ltpchp":0,"oi":845,"oich":0,"oichp":0,"option_type":"PE","prev_oi":845,"strike_price":26650,"symbol":"NSE:NIFTY26FEB26650PE","volume":0},{"ask":2.7,"bid":2.65,"fyToken":"101126022464961","ltp":2.7,"ltpch":-2.45,"ltpchp":-47.57,"oi":1536015,"oich":-16965,"oichp":-1.09,"option_type":"CE","prev_oi":1552980,"strike_price":26650,"symbol":"NSE:NIFTY26FEB26650CE","volume":4964050},{"ask":1089.75,"bid":1083.7,"fyToken":"101126022464988","ltp":1075.05,"ltpch":-145.95,"ltpchp":-11.95,"oi":134810,"oich":-1040,"oichp":-0.77,"option_type":"PE","prev_oi":135850,"strike_price":26700,"symbol":"NSE:NIFTY26FEB26700PE","volume":5460},{"ask":2.25,"bid":2.2,"fyToken":"101126022464967","ltp":2.25,"ltpch":-2.4,"ltpchp":-51.61,"oi":5586750,"oich":-639150,"oichp":-10.27,"option_type":"CE","prev_oi":6225900,"strike_price":26700,"symbol":"NSE:NIFTY26FEB26700CE","volume":17146870},{"ask":1143.25,"bid":1098.05,"fyToken":"101126022465055","ltp":1319.95,"ltpch":-0.75,"ltpchp":-0.06,"oi":1430,"oich":65,"oichp":4.76,"option_type":"PE","prev_oi":1365,"strike_price":26750,"symbol":"NSE:NIFTY26FEB26750PE","volume":455},{"ask":2.15,"bid":2.1,"fyToken":"101126022464997","ltp":2.1,"ltpch":-2.35,"ltpchp":-52.81,"oi":978380,"oich":-331500,"oichp":-25.31,"option_type":"CE","prev_oi":1309880,"strike_price":26750,"symbol":"NSE:NIFTY26FEB26750CE","volume":4852900},{"ask":1.95,"bid":1.9,"fyToken":"101126022465056","ltp":1.9,"ltpch":-2.19,"ltpchp":-53.55,"oi":7459855,"oich":-1049105,"oichp":-12.33,"option_type":"CE","prev_oi":8508960,"strike_price":26800,"symbol":"NSE:NIFTY26FEB26800CE","volume":19657365},{"ask":1190.2,"bid":1182.25,"fyToken":"101126022465068","ltp":1191.2,"ltpch":-162.55,"ltpchp":-12.01,"oi":39585,"oich":-4095,"oichp":-9.38,"option_type":"PE","prev_oi":43680,"strike_price":26800,"symbol":"NSE:NIFTY26FEB26800PE","volume":6370},{"ask":1242.9,"bid":1193,"fyToken":"101126022465070","ltp":1229.55,"ltpch":0,"ltpchp":0,"oi":585,"oich":0,"oichp":0,"option_type":"PE","prev_oi":585,"strike_price":26850,"symbol":"NSE:NIFTY26FEB26850PE","volume":0},{"ask":1.85,"bid":1.8,"fyToken":"101126022465069","ltp":1.85,"ltpch":-2.1,"ltpchp":-53.16,"oi":1388855,"oich":188635,"oichp":15.72,"option_type":"CE","prev_oi":1200220,"strike_price":26850,"symbol":"NSE:NIFTY26FEB26850CE","volume":5202210},{"ask":1290.1,"bid":1275.4,"fyToken":"101126022465072","ltp":1320,"ltpch":-146.7,"ltpchp":-10,"oi":10595,"oich":-1235,"oichp":-10.44,"option_type":"PE","prev_oi":11830,"strike_price":26900,"symbol":"NSE:NIFTY26FEB26900PE","volume":2145},{"ask":1.7,"bid":1.65,"fyToken":"101126022465071","ltp":1.65,"ltpch":-1.95,"ltpchp":-54.17,"oi":3764930,"oich":-158530,"oichp":-4.04,"option_type":"CE","prev_oi":3923460,"strike_price":26900,"symbol":"NSE:NIFTY26FEB26900CE","volume":7475130},{"ask":1340.45,"bid":1320.85,"fyToken":"101126022465074","ltp":1360,"ltpch":-100,"ltpchp":-6.85,"oi":3445,"oich":-65,"oichp":-1.85,"option_type":"PE","prev_oi":3510,"strike_price":26950,"symbol":"NSE:NIFTY26FEB26950PE","volume":715},{"ask":1.7,"bid":1.65,"fyToken":"101126022465073","ltp":1.65,"ltpch":-1.85,"ltpchp":-52.86,"oi":809575,"oich":91390,"oichp":12.73,"option_type":"CE","prev_oi":718185,"strike_price":26950,"symbol":"NSE:NIFTY26FEB26950CE","volume":4159350},{"ask":1389.7,"bid":1385.6,"fyToken":"101126022465076","ltp":1385,"ltpch":-196.1,"ltpchp":-12.4,"oi":993785,"oich":-910,"oichp":-0.09,"option_type":"PE","prev_oi":994695,"strike_price":27000,"symbol":"NSE:NIFTY26FEB27000PE","volume":69355},{"ask":1.7,"bid":1.65,"fyToken":"101126022465075","ltp":1.65,"ltpch":-1.85,"ltpchp":-52.86,"oi":18995600,"oich":269100,"oichp":1.44,"option_type":"CE","prev_oi":18726500,"strike_price":27000,"symbol":"NSE:NIFTY26FEB27000CE","volume":31984160},{"ask":1445.95,"bid":1425.65,"fyToken":"101126022465078","ltp":1418.35,"ltpch":96.8,"ltpchp":7.32,"oi":260,"oich":0,"oichp":0,"option_type":"PE","prev_oi":260,"strike_price":27050,"symbol":"NSE:NIFTY26FEB27050PE","volume":130},{"ask":1.5,"bid":1.45,"fyToken":"101126022465077","ltp":1.5,"ltpch":-1.45,"ltpchp":-49.15,"oi":928395,"oich":21450,"oichp":2.37,"option_type":"CE","prev_oi":906945,"strike_price":27050,"symbol":"NSE:NIFTY26FEB27050CE","volume":2622165},{"ask":1489.8,"bid":1482.4,"fyToken":"101126022465080","ltp":1485,"ltpch":-40,"ltpchp":-2.62,"oi":10400,"oich":0,"oichp":0,"option_type":"PE","prev_oi":10400,"strike_price":27100,"symbol":"NSE:NIFTY26FEB27100PE","volume":130},{"ask":1.45,"bid":1.4,"fyToken":"101126022465079","ltp":1.4,"ltpch":-1.45,"ltpchp":-50.88,"oi":3577795,"oich":-56545,"oichp":-1.56,"option_type":"CE","prev_oi":3634340,"strike_price":27100,"symbol":"NSE:NIFTY26FEB27100CE","volume":5060510},{"ask":1552.45,"bid":1468.4,"fyToken":"101126022465082","ltp":1420.5,"ltpch":0,"ltpchp":0,"oi":195,"oich":0,"oichp":0,"option_type":"PE","prev_oi":195,"strike_price":27150,"symbol":"NSE:NIFTY26FEB27150PE","volume":0},{"ask":1.4,"bid":1.35,"fyToken":"101126022465081","ltp":1.4,"ltpch":-1.35,"ltpchp":-49.09,"oi":1224275,"oich":15595,"oichp":1.29,"option_type":"CE","prev_oi":1208680,"strike_price":27150,"symbol":"NSE:NIFTY26FEB27150CE","volume":2559310},{"ask":1588.7,"bid":1573.4,"fyToken":"101126022465084","ltp":1678.25,"ltpch":-118.5,"ltpchp":-6.6,"oi":40885,"oich":-65,"oichp":-0.16,"option_type":"PE","prev_oi":40950,"strike_price":27200,"symbol":"NSE:NIFTY26FEB27200PE","volume":130},{"ask":1.35,"bid":1.3,"fyToken":"101126022465083","ltp":1.35,"ltpch":-1.35,"ltpchp":-50,"oi":2854345,"oich":264945,"oichp":10.23,"option_type":"CE","prev_oi":2589400,"strike_price":27200,"symbol":"NSE:NIFTY26FEB27200CE","volume":8105045},{"ask":1643.05,"bid":1611.65,"fyToken":"101126022465086","ltp":1537.6,"ltpch":0,"ltpchp":0,"oi":390,"oich":0,"oichp":0,"option_type":"PE","prev_oi":390,"strike_price":27250,"symbol":"NSE:NIFTY26FEB27250PE","volume":0},{"ask":1.3,"bid":1.25,"fyToken":"101126022465085","ltp":1.25,"ltpch":-1.35,"ltpchp":-51.92,"oi":577720,"oich":142675,"oichp":32.8,"option_type":"CE","prev_oi":435045,"strike_price":27250,"symbol":"NSE:NIFTY26FEB27250CE","volume":1989065},{"ask":1724.75,"bid":1680.15,"fyToken":"101126022465090","ltp":1682,"ltpch":-70.9,"ltpchp":-4.04,"oi":8905,"oich":-130,"oichp":-1.44,"option_type":"PE","prev_oi":9035,"strike_price":27300,"symbol":"NSE:NIFTY26FEB27300PE","volume":260},{"ask":1.25,"bid":1.2,"fyToken":"101126022465089","ltp":1.25,"ltpch":-1.2,"ltpchp":-48.98,"oi":3924570,"oich":-135790,"oichp":-3.34,"option_type":"CE","prev_oi":4060360,"strike_price":27300,"symbol":"NSE:NIFTY26FEB27300CE","volume":4591990},{"ask":1766.15,"bid":1684.25,"fyToken":"101126022465092","ltp":1599.2,"ltpch":-1.8,"ltpchp":-0.11,"oi":4095,"oich":0,"oichp":0,"option_type":"PE","prev_oi":4095,"strike_price":27350,"symbol":"NSE:NIFTY26FEB27350PE","volume":0},{"ask":1.2,"bid":1.15,"fyToken":"101126022465091","ltp":1.15,"ltpch":-1.2,"ltpchp":-51.06,"oi":406315,"oich":117260,"oichp":40.57,"option_type":"CE","prev_oi":289055,"strike_price":27350,"symbol":"NSE:NIFTY26FEB27350CE","volume":1464580},{"ask":1787.6,"bid":1771.5,"fyToken":"101126022465094","ltp":1780,"ltpch":186,"ltpchp":11.67,"oi":1300,"oich":0,"oichp":0,"option_type":"PE","prev_oi":1300,"strike_price":27400,"symbol":"NSE:NIFTY26FEB27400PE","volume":390},{"ask":1.2,"bid":1.15,"fyToken":"101126022465093","ltp":1.2,"ltpch":-1.25,"ltpchp":-51.02,"oi":1702740,"oich":385190,"oichp":29.24,"option_type":"CE","prev_oi":1317550,"strike_price":27400,"symbol":"NSE:NIFTY26FEB27400CE","volume":4587115},{"ask":1841.1,"bid":1802.9,"fyToken":"101126022465096","ltp":1714.15,"ltpch":0,"ltpchp":0,"oi":195,"oich":0,"oichp":0,"option_type":"PE","prev_oi":195,"strike_price":27450,"symbol":"NSE:NIFTY26FEB27450PE","volume":0},{"ask":1.2,"bid":1.15,"fyToken":"101126022465095","ltp":1.15,"ltpch":-1.2,"ltpchp":-51.06,"oi":292305,"oich":183105,"oichp":167.68,"option_type":"CE","prev_oi":109200,"strike_price":27450,"symbol":"NSE:NIFTY26FEB27450CE","volume":1800630},{"ask":1888.7,"bid":1885.3,"fyToken":"101126022465098","ltp":1880,"ltpch":-196.75,"ltpchp":-9.47,"oi":370955,"oich":-34320,"oichp":-8.47,"option_type":"PE","prev_oi":405275,"strike_price":27500,"symbol":"NSE:NIFTY26FEB27500PE","volume":56160},{"ask":1.2,"bid":1.15,"fyToken":"101126022465097","ltp":1.15,"ltpch":-1.1,"ltpchp":-48.89,"oi":5423405,"oich":613725,"oichp":12.76,"option_type":"CE","prev_oi":4809680,"strike_price":27500,"symbol":"NSE:NIFTY26FEB27500CE","volume":12179375},{"ask":1943.45,"bid":1888.4,"fyToken":"101126022465102","ltp":1812.55,"ltpch":0,"ltpchp":0,"oi":650,"oich":0,"oichp":0,"option_type":"PE","prev_oi":650,"strike_price":27550,"symbol":"NSE:NIFTY26FEB27550PE","volume":0},{"ask":1.2,"bid":1.15,"fyToken":"101126022465101","ltp":1.2,"ltpch":-1,"ltpchp":-45.45,"oi":141310,"oich":17420,"oichp":14.06,"option_type":"CE","prev_oi":123890,"strike_price":27550,"symbol":"NSE:NIFTY26FEB27550CE","volume":1540435},{"ask":1993.5,"bid":1970.2,"fyToken":"101126022465104","ltp":1913,"ltpch":0,"ltpchp":0,"oi":2015,"oich":0,"oichp":0,"option_type":"PE","prev_oi":2015,"strike_price":27600,"symbol":"NSE:NIFTY26FEB27600PE","volume":0},{"ask":1.2,"bid":1.15,"fyToken":"101126022465103","ltp":1.2,"ltpch":-1.05,"ltpchp":-46.67,"oi":1083225,"oich":71365,"oichp":7.05,"option_type":"CE","prev_oi":1011860,"strike_price":27600,"symbol":"NSE:NIFTY26FEB27600CE","volume":3057600},{"ask":2040.2,"bid":1995.05,"fyToken":"101126022465106","ltp":1998.55,"ltpch":0,"ltpchp":0,"oi":2470,"oich":0,"oichp":0,"option_type":"PE","prev_oi":2470,"strike_price":27650,"symbol":"NSE:NIFTY26FEB27650PE","volume":0},{"ask":1.2,"bid":1.15,"fyToken":"101126022465105","ltp":1.2,"ltpch":-0.95,"ltpchp":-44.19,"oi":82810,"oich":13195,"oichp":18.95,"option_type":"CE","prev_oi":69615,"strike_price":27650,"symbol":"NSE:NIFTY26FEB27650CE","volume":1179360},{"ask":2088.1,"bid":2076.75,"fyToken":"101126022465108","ltp":2084.35,"ltpch":52.2,"ltpchp":2.57,"oi":7280,"oich":65,"oichp":0.9,"option_type":"PE","prev_oi":7215,"strike_price":27700,"symbol":"NSE:NIFTY26FEB27700PE","volume":2015},{"ask":1.15,"bid":1.1,"fyToken":"101126022465107","ltp":1.1,"ltpch":-1,"ltpchp":-47.62,"oi":872950,"oich":14820,"oichp":1.73,"option_type":"CE","prev_oi":858130,"strike_price":27700,"symbol":"NSE:NIFTY26FEB27700CE","volume":1055535},{"ask":2141.45,"bid":2079.3,"fyToken":"101126022465110","ltp":2339.2,"ltpch":98.1,"ltpchp":4.38,"oi":2015,"oich":0,"oichp":0,"option_type":"PE","prev_oi":2015,"strike_price":27750,"symbol":"NSE:NIFTY26FEB27750PE","volume":0},{"ask":1.15,"bid":1.1,"fyToken":"101126022465109","ltp":1.15,"ltpch":-0.89,"ltpchp":-43.63,"oi":89180,"oich":38675,"oichp":76.58,"option_type":"CE","prev_oi":50505,"strike_price":27750,"symbol":"NSE:NIFTY26FEB27750CE","volume":1121705},{"ask":2198.8,"bid":2170.75,"fyToken":"101126022465112","ltp":1980,"ltpch":0,"ltpchp":0,"oi":5200,"oich":0,"oichp":0,"option_type":"PE","prev_oi":5200,"strike_price":27800,"symbol":"NSE:NIFTY26FEB27800PE","volume":0},{"ask":1.15,"bid":1.1,"fyToken":"101126022465111","ltp":1.1,"ltpch":-0.94,"ltpchp":-46.08,"oi":839995,"oich":13260,"oichp":1.6,"option_type":"CE","prev_oi":826735,"strike_price":27800,"symbol":"NSE:NIFTY26FEB27800CE","volume":1241240},{"ask":2253.1,"bid":2198.2,"fyToken":"101126022465114","ltp":2099,"ltpch":-2.55,"ltpchp":-0.12,"oi":260,"oich":0,"oichp":0,"option_type":"PE","prev_oi":260,"strike_price":27850,"symbol":"NSE:NIFTY26FEB27850PE","volume":0},{"ask":1.1,"bid":1.05,"fyToken":"101126022465113","ltp":1.1,"ltpch":-0.75,"ltpchp":-40.54,"oi":96655,"oich":4745,"oichp":5.16,"option_type":"CE","prev_oi":91910,"strike_price":27850,"symbol":"NSE:NIFTY26FEB27850CE","volume":391625},{"ask":2291.6,"bid":2276.7,"fyToken":"101126022465116","ltp":2280,"ltpch":-10.5,"ltpchp":-0.46,"oi":13910,"oich":-260,"oichp":-1.83,"option_type":"PE","prev_oi":14170,"strike_price":27900,"symbol":"NSE:NIFTY26FEB27900PE","volume":650},{"ask":1.15,"bid":1.1,"fyToken":"101126022465115","ltp":1.1,"ltpch":-0.85,"ltpchp":-43.59,"oi":856960,"oich":-51415,"oichp":-5.66,"option_type":"CE","prev_oi":908375,"strike_price":27900,"symbol":"NSE:NIFTY26FEB27900CE","volume":1850875},{"ask":2338.25,"bid":2298.3,"fyToken":"101126022465118","ltp":2311.5,"ltpch":0,"ltpchp":0,"oi":1690,"oich":0,"oichp":0,"option_type":"PE","prev_oi":1690,"strike_price":27950,"symbol":"NSE:NIFTY26FEB27950PE","volume":0},{"ask":1.1,"bid":1.05,"fyToken":"101126022465117","ltp":1.05,"ltpch":-0.7,"ltpchp":-40,"oi":124020,"oich":2470,"oichp":2.03,"option_type":"CE","prev_oi":121550,"strike_price":27950,"symbol":"NSE:NIFTY26FEB27950CE","volume":829075},{"ask":2388.65,"bid":2382.85,"fyToken":"101126022465120","ltp":2389.15,"ltpch":-154.45,"ltpchp":-6.07,"oi":336765,"oich":-15795,"oichp":-4.48,"option_type":"PE","prev_oi":352560,"strike_price":28000,"symbol":"NSE:NIFTY26FEB28000PE","volume":24765},{"ask":1.05,"bid":1,"fyToken":"101126022465119","ltp":1.05,"ltpch":-0.6,"ltpchp":-36.36,"oi":1834885,"oich":-50765,"oichp":-2.69,"option_type":"CE","prev_oi":1885650,"strike_price":28000,"symbol":"NSE:NIFTY26FEB28000CE","volume":2995915},{"ask":2437.2,"bid":2419.1,"fyToken":"101126022465122","ltp":2416.95,"ltpch":0.01,"ltpchp":0,"oi":325,"oich":0,"oichp":0,"option_type":"PE","prev_oi":325,"strike_price":28050,"symbol":"NSE:NIFTY26FEB28050PE","volume":0},{"ask":1,"bid":0.95,"fyToken":"101126022465121","ltp":1,"ltpch":-0.55,"ltpchp":-35.48,"oi":363090,"oich":38025,"oichp":11.7,"option_type":"CE","prev_oi":325065,"strike_price":28050,"symbol":"NSE:NIFTY26FEB28050CE","volume":1134185},{"ask":2504.7,"bid":2470.6,"fyToken":"101126022465126","ltp":2349.6,"ltpch":3.7,"ltpchp":0.16,"oi":1560,"oich":0,"oichp":0,"option_type":"PE","prev_oi":1560,"strike_price":28100,"symbol":"NSE:NIFTY26FEB28100PE","volume":0},{"ask":1,"bid":0.95,"fyToken":"101126022465123","ltp":0.95,"ltpch":-0.55,"ltpchp":-36.67,"oi":1438255,"oich":-148725,"oichp":-9.37,"option_type":"CE","prev_oi":1586980,"strike_price":28100,"symbol":"NSE:NIFTY26FEB28100CE","volume":3845855}],"putOi":214578130},"message":"","s":"ok"},"functionName":"getOptionChain"}
{"level":"debug","datetime":"2026-02-20T06:24:01.166Z","message":"HSM raw data","data":[{"iv":25594.55,"tvalue":1771568640,"cng":140.2,"nc":0.55,"name":"if","tk":"Nifty 50","e":"nse_cm"}],"functionName":"conversion"}
{"level":"debug","datetime":"2026-02-20T06:24:01.575Z","message":"HSM raw data","data":[{"iv":25595.7,"cng":141.35,"nc":0.56,"name":"if","tk":"Nifty 50","e":"nse_cm"}],"functionName":"conversion"}
{"level":"debug","datetime":"2026-02-20T06:24:02.085Z","message":"HSM raw data","data":[{"iv":25596.55,"tvalue":1771568641,"cng":142.2,"nc":0.56,"name":"if","tk":"Nifty 50","e":"nse_cm"}],"functionName":"conversion"}
{"level":"debug","datetime":"2026-02-20T06:24:02.669Z","message":"HSM raw data","data":[{"iv":25595.75,"cng":141.4,"nc":0.56,"name":"if","tk":"Nifty 50","e":"nse_cm"}],"functionName":"conversion"}
{"level":"debug","datetime":"2026-02-20T06:24:03.095Z","message":"HSM raw data","data":[{"iv":25595.1,"tvalue":1771568642,"cng":140.75,"nc":0.55,"name":"if","tk":"Nifty 50","e":"nse_cm"}],"functionName":"conversion"}
{"level":"debug","datetime":"2026-02-20T06:24:03.549Z","message":"HSM raw data","data":[{"iv":25594.55,"cng":140.2,"nc":0.55,"name":"if","tk":"Nifty 50","e":"nse_cm"}],"functionName":"conversion"}
{"level":"debug","datetime":"2026-02-20T06:24:04.032Z","message":"HSM raw data","data":[{"iv":25595.05,"tvalue":1771568643,"cng":140.7,"nc":0.55,"name":"if","tk":"Nifty 50","e":"nse_cm"}],"functionName":"conversion"}
{"level":"debug","datetime":"2026-02-20T06:24:04.851Z","message":"HSM raw data","data":[{"iv":25595.15,"cng":140.8,"nc":0.55,"name":"if","tk":"Nifty 50","e":"nse_cm"}],"functionName":"conversion"}
{"level":"debug","datetime":"2026-02-20T06:24:05.261Z","message":"HSM raw data","data":[{"iv":25595.1,"tvalue":1771568644,"cng":140.75,"nc":0.55,"name":"if","tk":"Nifty 50","e":"nse_cm"}],"functionName":"conversion"}
{"level":"debug","datetime":"2026-02-20T06:24:05.634Z","message":"HSM raw data","data":[{"iv":25595.15,"cng":140.8,"nc":0.55,"name":"if","tk":"Nifty 50","e":"nse_cm"}],"functionName":"conversion"}
{"level":"debug","datetime":"2026-02-20T06:24:06.388Z","message":"HSM raw data","data":[{"iv":25594.4,"tvalue":1771568645,"cng":140.05,"nc":0.55,"name":"if","tk":"Nifty 50","e":"nse_cm"}],"functionName":"conversion"}
{"level":"debug","datetime":"2026-02-20T06:24:07.058Z","message":"HSM raw data","data":[{"iv":25595.45,"tvalue":1771568646,"cng":141.1,"nc":0.55,"name":"if","tk":"Nifty 50","e":"nse_cm"}],"functionName":"conversion"}
{"level":"debug","datetime":"2026-02-20T06:24:07.550Z","message":"HSM raw data","data":[{"iv":25595.65,"cng":141.3,"nc":0.56,"name":"if","tk":"Nifty 50","e":"nse_cm"}],"functionName":"conversion"}
{"level":"debug","datetime":"2026-02-20T06:24:08.169Z","message":"HSM raw data","data":[{"iv":25595.55,"tvalue":1771568647,"cng":141.2,"nc":0.55,"name":"if","tk":"Nifty 50","e":"nse_cm"}],"functionName":"conversion"}
{"level":"debug","datetime":"2026-02-20T06:24:08.648Z","message":"HSM raw data","data":[{"iv":25595.05,"cng":140.7,"nc":0.55,"name":"if","tk":"Nifty 50","e":"nse_cm"}],"functionName":"conversion"}
{"level":"debug","datetime":"2026-02-20T06:24:09.152Z","message":"HSM raw data","data":[{"iv":25595.35,"tvalue":1771568648,"cng":141,"nc":0.55,"name":"if","tk":"Nifty 50","e":"nse_cm"}],"functionName":"conversion"}
{"level":"debug","datetime":"2026-02-20T06:24:09.548Z","message":"HSM raw data","data":[{"iv":25595.6,"cng":141.25,"nc":0.55,"name":"if","tk":"Nifty 50","e":"nse_cm"}],"functionName":"conversion"}
{"level":"debug","datetime":"2026-02-20T06:24:10.000Z","message":"HSM raw data","data":[{"iv":25595.25,"tvalue":1771568649,"cng":140.9,"nc":0.55,"name":"if","tk":"Nifty 50","e":"nse_cm"}],"functionName":"conversion"}
{"level":"debug","datetime":"2026-02-20T06:24:10.687Z","message":"HSM raw data","data":[{"iv":25593.65,"tvalue":1771568650,"cng":139.3,"nc":0.55,"name":"if","tk":"Nifty 50","e":"nse_cm"}],"functionName":"conversion"}
{"level":"debug","datetime":"2026-02-20T06:24:11.630Z","message":"HSM raw data","data":[{"iv":25594.35,"cng":140,"nc":0.55,"name":"if","tk":"Nifty 50","e":"nse_cm"}],"functionName":"conversion"}
{"level":"debug","datetime":"2026-02-20T06:24:12.080Z","message":"HSM raw data","data":[{"iv":25594.55,"tvalue":1771568651,"cng":140.2,"nc":0.55,"name":"if","tk":"Nifty 50","e":"nse_cm"}],"functionName":"conversion"}
{"level":"debug","datetime":"2026-02-20T06:24:12.633Z","message":"HSM raw data","data":[{"iv":25592.85,"cng":138.5,"nc":0.54,"name":"if","tk":"Nifty 50","e":"nse_cm"}],"functionName":"conversion"}
{"level":"debug","datetime":"2026-02-20T06:24:13.247Z","message":"HSM raw data","data":[{"iv":25593.85,"tvalue":1771568652,"cng":139.5,"nc":0.55,"name":"if","tk":"Nifty 50","e":"nse_cm"}],"functionName":"conversion"}
{"level":"debug","datetime":"2026-02-20T06:24:13.760Z","message":"HSM raw data","data":[{"iv":25592.55,"cng":138.2,"nc":0.54,"name":"if","tk":"Nifty 50","e":"nse_cm"}],"functionName":"conversion"}
{"level":"debug","datetime":"2026-02-20T06:24:14.169Z","message":"HSM raw data","data":[{"iv":25592.6,"tvalue":1771568653,"cng":138.25,"nc":0.54,"name":"if","tk":"Nifty 50","e":"nse_cm"}],"functionName":"conversion"}
{"level":"debug","datetime":"2026-02-20T06:24:14.594Z","message":"HSM raw data","data":[{"iv":25592.1,"cng":137.75,"nc":0.54,"name":"if","tk":"Nifty 50","e":"nse_cm"}],"functionName":"conversion"}
{"level":"debug","datetime":"2026-02-20T06:24:15.392Z","message":"HSM raw data","data":[{"iv":25592.35,"tvalue":1771568654,"cng":138,"nc":0.54,"name":"if","tk":"Nifty 50","e":"nse_cm"}],"functionName":"conversion"}
{"level":"debug","datetime":"2026-02-20T06:24:15.911Z","message":"HSM raw data","data":[{"iv":25591.2,"cng":136.85,"nc":0.54,"name":"if","tk":"Nifty 50","e":"nse_cm"}],"functionName":"conversion"}
{"level":"debug","datetime":"2026-02-20T06:24:16.319Z","message":"HSM raw data","data":[{"iv":25592.05,"tvalue":1771568655,"cng":137.7,"nc":0.54,"name":"if","tk":"Nifty 50","e":"nse_cm"}],"functionName":"conversion"}
{"level":"debug","datetime":"2026-02-20T06:24:16.933Z","message":"HSM raw data","data":[{"iv":25591.15,"tvalue":1771568656,"cng":136.8,"nc":0.54,"name":"if","tk":"Nifty 50","e":"nse_cm"}],"functionName":"conversion"}
{"level":"debug","datetime":"2026-02-20T06:24:17.755Z","message":"HSM raw data","data":[{"iv":25590.35,"cng":136,"nc":0.53,"name":"if","tk":"Nifty 50","e":"nse_cm"}],"functionName":"conversion"}
{"level":"debug","datetime":"2026-02-20T06:24:18.300Z","message":"HSM raw data","data":[{"iv":25589.6,"tvalue":1771568657,"cng":135.25,"nc":0.53,"name":"if","tk":"Nifty 50","e":"nse_cm"}],"functionName":"conversion"}
{"level":"debug","datetime":"2026-02-20T06:24:18.572Z","message":"HSM raw data","data":[{"iv":25589.7,"cng":135.35,"nc":0.53,"name":"if","tk":"Nifty 50","e":"nse_cm"}],"functionName":"conversion"}
{"level":"debug","datetime":"2026-02-20T06:24:19.111Z","message":"HSM raw data","data":[{"iv":25590.15,"tvalue":1771568658,"cng":135.8,"nc":0.53,"name":"if","tk":"Nifty 50","e":"nse_cm"}],"functionName":"conversion"}
{"level":"debug","datetime":"2026-02-20T06:24:19.574Z","message":"HSM raw data","data":[{"iv":25589.65,"cng":135.3,"nc":0.53,"name":"if","tk":"Nifty 50","e":"nse_cm"}],"functionName":"conversion"}
{"level":"debug","datetime":"2026-02-20T06:24:20.211Z","message":"HSM raw data","data":[{"iv":25589.95,"tvalue":1771568659,"cng":135.6,"nc":0.53,"name":"if","tk":"Nifty 50","e":"nse_cm"}],"functionName":"conversion"}
{"level":"debug","datetime":"2026-02-20T06:24:20.610Z","message":"HSM raw data","data":[{"iv":25590.3,"cng":135.95,"nc":0.53,"name":"if","tk":"Nifty 50","e":"nse_cm"}],"functionName":"conversion"}
{"level":"debug","datetime":"2026-02-20T06:24:21.636Z","message":"HSM raw data","data":[{"iv":25591,"tvalue":1771568660,"cng":136.65,"nc":0.54,"name":"if","tk":"Nifty 50","e":"nse_cm"}],"functionName":"conversion"}
{"level":"debug","datetime":"2026-02-20T06:24:22.056Z","message":"HSM raw data","data":[{"iv":25591.2,"tvalue":1771568661,"cng":136.85,"nc":0.54,"name":"if","tk":"Nifty 50","e":"nse_cm"}],"functionName":"conversion"}
{"level":"debug","datetime":"2026-02-20T06:24:22.874Z","message":"HSM raw data","data":[{"iv":25590.8,"tvalue":1771568662,"cng":136.45,"nc":0.54,"name":"if","tk":"Nifty 50","e":"nse_cm"}],"functionName":"conversion"}
{"level":"debug","datetime":"2026-02-20T06:24:23.898Z","message":"HSM raw data","data":[{"iv":25590.75,"cng":136.4,"nc":0.54,"name":"if","tk":"Nifty 50","e":"nse_cm"}],"functionName":"conversion"}
{"level":"debug","datetime":"2026-02-20T06:24:24.125Z","message":"HSM raw data","data":[{"iv":25590,"tvalue":1771568663,"cng":135.65,"nc":0.53,"name":"if","tk":"Nifty 50","e":"nse_cm"}],"functionName":"conversion"}
{"level":"debug","datetime":"2026-02-20T06:24:24.614Z","message":"HSM raw data","data":[{"iv":25590.55,"cng":136.2,"nc":0.54,"name":"if","tk":"Nifty 50","e":"nse_cm"}],"functionName":"conversion"}
{"level":"debug","datetime":"2026-02-20T06:24:25.537Z","message":"HSM raw data","data":[{"iv":25590.45,"tvalue":1771568664,"cng":136.1,"nc":0.53,"name":"if","tk":"Nifty 50","e":"nse_cm"}],"functionName":"conversion"}
{"level":"debug","datetime":"2026-02-20T06:24:26.150Z","message":"HSM raw data","data":[{"iv":25590,"tvalue":1771568665,"cng":135.65,"nc":0.53,"name":"if","tk":"Nifty 50","e":"nse_cm"}],"functionName":"conversion"}
{"level":"debug","datetime":"2026-02-20T06:24:26.560Z","message":"HSM raw data","data":[{"iv":25591.6,"cng":137.25,"nc":0.54,"name":"if","tk":"Nifty 50","e":"nse_cm"}],"functionName":"conversion"}
{"level":"debug","datetime":"2026-02-20T06:24:27.261Z","message":"HSM raw data","data":[{"iv":25591.25,"tvalue":1771568666,"cng":136.9,"nc":0.54,"name":"if","tk":"Nifty 50","e":"nse_cm"}],"functionName":"conversion"}
{"level":"debug","datetime":"2026-02-20T06:24:27.994Z","message":"HSM raw data","data":[{"iv":25590.45,"cng":136.1,"nc":0.53,"name":"if","tk":"Nifty 50","e":"nse_cm"}],"functionName":"conversion"}
{"level":"debug","datetime":"2026-02-20T06:24:28.197Z","message":"HSM raw data","data":[{"iv":25590.65,"tvalue":1771568667,"cng":136.3,"nc":0.54,"name":"if","tk":"Nifty 50","e":"nse_cm"}],"functionName":"conversion"}
{"level":"debug","datetime":"2026-02-20T06:24:29.018Z","message":"HSM raw data","data":[{"iv":25589.5,"tvalue":1771568668,"cng":135.15,"nc":0.53,"name":"if","tk":"Nifty 50","e":"nse_cm"}],"functionName":"conversion"}
{"level":"debug","datetime":"2026-02-20T06:24:29.735Z","message":"HSM raw data","data":[{"iv":25589.65,"cng":135.3,"nc":0.53,"name":"if","tk":"Nifty 50","e":"nse_cm"}],"functionName":"conversion"}
{"level":"debug","datetime":"2026-02-20T06:24:30.247Z","message":"HSM raw data","data":[{"iv":25590.6,"tvalue":1771568669,"cng":136.25,"nc":0.54,"name":"if","tk":"Nifty 50","e":"nse_cm"}],"functionName":"conversion"}
{"level":"debug","datetime":"2026-02-20T06:24:30.634Z","message":"HSM raw data","data":[{"iv":25590.75,"cng":136.4,"nc":0.54,"name":"if","tk":"Nifty 50","e":"nse_cm"}],"functionName":"conversion"}
{"level":"debug","datetime":"2026-02-20T06:24:31.374Z","message":"HSM raw data","data":[{"iv":25590.55,"tvalue":1771568670,"cng":136.2,"nc":0.54,"name":"if","tk":"Nifty 50","e":"nse_cm"}],"functionName":"conversion"}
{"level":"debug","datetime":"2026-02-20T06:24:31.848Z","message":"HSM raw data","data":[{"iv":25591.25,"cng":136.9,"nc":0.54,"name":"if","tk":"Nifty 50","e":"nse_cm"}],"functionName":"conversion"}
{"level":"debug","datetime":"2026-02-20T06:24:32.244Z","message":"HSM raw data","data":[{"iv":25592.15,"tvalue":1771568671,"cng":137.8,"nc":0.54,"name":"if","tk":"Nifty 50","e":"nse_cm"}],"functionName":"conversion"}
{"level":"debug","datetime":"2026-02-20T06:24:32.707Z","message":"HSM raw data","data":[{"iv":25589.9,"cng":135.55,"nc":0.53,"name":"if","tk":"Nifty 50","e":"nse_cm"}],"functionName":"conversion"}
{"level":"debug","datetime":"2026-02-20T06:24:33.401Z","message":"HSM raw data","data":[{"iv":25588.9,"tvalue":1771568672,"cng":134.55,"nc":0.53,"name":"if","tk":"Nifty 50","e":"nse_cm"}],"functionName":"conversion"}
{"level":"debug","datetime":"2026-02-20T06:24:33.933Z","message":"HSM raw data","data":[{"iv":25589.15,"cng":134.8,"nc":0.53,"name":"if","tk":"Nifty 50","e":"nse_cm"}],"functionName":"conversion"}
{"level":"debug","datetime":"2026-02-20T06:24:34.305Z","message":"HSM raw data","data":[{"iv":25589.7,"tvalue":1771568673,"cng":135.35,"nc":0.53,"name":"if","tk":"Nifty 50","e":"nse_cm"}],"functionName":"conversion"}
{"level":"debug","datetime":"2026-02-20T06:24:34.996Z","message":"HSM raw data","data":[{"iv":25590.25,"tvalue":1771568674,"cng":135.9,"nc":0.53,"name":"if","tk":"Nifty 50","e":"nse_cm"}],"functionName":"conversion"}
{"level":"debug","datetime":"2026-02-20T06:24:35.879Z","message":"HSM raw data","data":[{"iv":25590.55,"cng":136.2,"nc":0.54,"name":"if","tk":"Nifty 50","e":"nse_cm"}],"functionName":"conversion"}
{"level":"debug","datetime":"2026-02-20T06:24:36.586Z","message":"HSM raw data","data":[{"iv":25590.6,"tvalue":1771568675,"cng":136.25,"nc":0.54,"name":"if","tk":"Nifty 50","e":"nse_cm"}],"functionName":"conversion"}
